exp,myvar,citation
23.33_113.5_c,agb,deng_et_al_2013
23.33_113.5_c,bgb,deng_et_al_2013
39.02_-76.9_c,root_shoot_ratio,ziska_et_al_2004
40.7_-85.72_c,bgb,zak_et_al_1993
40.7_-85.72_c,agb,zak_et_al_1995
47.82_133.67_c,gpp,wang_et_al_2013
aspenface_bp_c,vcmax,uddling_et_al_2009
aspenface_bp_c,vcmax,darbah_et_al_2010b
aspenface_bp_c,asat,darbah_et_al_2010b
aspenface_bp_c,asat,karnosky_et_al_2003
aspenface_bp_c,asat,riikonen_et_al_2008
aspenface_bp_c,asat,uddling_et_al_2009
aspenface_bp_c,leaf_cn,couture_et_al_2012
aspenface_bp_c,leaf_cn,lindroth_et_al_2001
aspenface_bp_c,leaf_cn,parsons_et_al_2004
aspenface_bp_c,leaf_n_mass,agrell_et_al_2005
aspenface_bp_c,leaf_n_mass,couture_et_al_2012
aspenface_bp_c,leaf_n_mass,lindroth_et_al_2001
aspenface_bp_c,leaf_n_mass,parsons_et_al_2004
aspenface_bp_c,leaf_n_mass,zak_et_al_2007a
aspenface_bp_c,leaf_n_area,uddling_et_al_2009
aspenface_bp_c,lai,riikonen_et_al_2008
aspenface_c,asat,monson_et_al_2007
aspenface_c,n_uptake,NA
aspenface_pooled_c,bgb,zak_et_al_2007
aspenface_pt_c,root_production,pregitzer_et_al_2008
aspenface_pt_c,bgb,pregitzer_et_al_2008
aspenface_pt_c,bgb,king_et_al_2005
aspenface_pt_c,bgb,king_et_al_2001
aspenface_pt_c,lai,karnosky_et_al_2003
aspenface_pt_c,lai,finzi_et_al_2007
aspenface_pt_c,lai,riikonen_et_al_2008
aspenface_pt_c,lai,uddling_et_al_2008
aspenface_pt_c,lai,mcgrath_et_al_2010
aspenface_pt_c,lai,noormets_et_al_2010
aspenface_pt_c,asat,noormets_et_al_2001
aspenface_pt_c,asat,calfapietra_et_al_2007
aspenface_pt_c,asat,calfapietra_et_al_2008
aspenface_pt_c,asat,cseke_et_al_2009
aspenface_pt_c,asat,darbah_et_al_2010a
aspenface_pt_c,asat,darbah_et_al_2010b
aspenface_pt_c,asat,karnosky_et_al_2003
aspenface_pt_c,asat,kets_et_al_2010
aspenface_pt_c,asat,noormets_et_al_2010
aspenface_pt_c,asat,riikonen_et_al_2008
aspenface_pt_c,asat,sharma_et_al_2003
aspenface_pt_c,asat,takeuchi_et_al_2001
aspenface_pt_c,asat,taylor_et_al_2007
aspenface_pt_c,asat,uddling_et_al_2009
aspenface_pt_c,vcmax,takeuchi_et_al_2001
aspenface_pt_c,vcmax,uddling_et_al_2009
aspenface_pt_c,vcmax,darbah_et_al_2010a
aspenface_pt_c,vcmax,darbah_et_al_2010b
aspenface_pt_c,vcmax,noormets_et_al_2010
aspenface_pt_c,gpp,noormets_et_al_2001
aspenface_pt_c,leaf_cn,couture_et_al_2012
aspenface_pt_c,leaf_cn,lindroth_et_al_2001
aspenface_pt_c,leaf_n_mass,couture_et_al_2012
aspenface_pt_c,leaf_n_mass,finzi_et_al_2007
aspenface_pt_c,leaf_n_mass,finzi_et_al_2008
aspenface_pt_c,leaf_n_mass,holton_et_al_2003
aspenface_pt_c,leaf_n_mass,kopper_and_lindroth_2003a
aspenface_pt_c,leaf_n_mass,kopper_and_lindroth_2003b
aspenface_pt_c,leaf_n_mass,lindroth_et_al_2001
aspenface_pt_c,leaf_n_mass,lindroth_et_al_2002
aspenface_pt_c,leaf_n_mass,takeuchi_et_al_2001
aspenface_pt_c,leaf_n_mass,vigue_and_lindroth_2010
aspenface_pt_c,leaf_n_mass,zak_et_al_2007a
aspenface_pt_c,leaf_n_area,finzi_et_al_2007
aspenface_pt_c,leaf_n_area,noormets_et_al_2010
aspenface_pt_c,leaf_n_area,sharma_et_al_2003
aspenface_pt_c,leaf_n_area,takeuchi_et_al_2001
aspenface_pt_c,leaf_n_area,uddling_et_al_2009
aspenface_pt_c,leaf_n_area,zak_et_al_2007a
aspenface_pt_c,agb,king_et_al_2005
aspenface_pt_c,jmax,takeuchi_et_al_2001
aspenface_pt_c,jmax,darbah_et_al_2010a
aspenface_pt_c,jmax,noormets_et_al_2010
aspenface_pt_c,root_shoot_ratio,king_et_al_2005
aspenface_ptas_c,bgb,pregitzer_et_al_2008
aspenface_ptas_c,bgb,king_et_al_2005
aspenface_ptas_c,asat,karnosky_et_al_2003
aspenface_ptas_c,asat,sharma_et_al_2003
aspenface_ptas_c,leaf_n_mass,kopper_et_al_2001
aspenface_ptas_c,leaf_n_mass,muntifering_et_al_2006
aspenface_ptas_c,leaf_n_area,sharma_et_al_2003
aspenface_ptas_c,agb,king_et_al_2005
aspenface_ptas_c,lai,karnosky_et_al_2003
aspenface_ptas_c,root_shoot_ratio,king_et_al_2005
aspenface_ptbp_c,bgb,pregitzer_et_al_2008
aspenface_ptbp_c,bgb,king_et_al_2005
aspenface_ptbp_c,leaf_n_area,finzi_et_al_2007
aspenface_ptbp_c,leaf_n_area,zak_et_al_2007a
aspenface_ptbp_c,agb,king_et_al_2005
aspenface_ptbp_c,lai,finzi_et_al_2007
aspenface_ptbp_c,lai,uddling_et_al_2008
aspenface_ptbp_c,root_shoot_ratio,king_et_al_2005
bangorface_c,bgb,smith_et_al_2012
bangorface_c,agb,hoosbeek_et_al_2011
bangorface_c,agb,smith_et_al_2012
biforface_c,root_production,NA
biforface_c,asat,gardner_et_al_2021
biforface_c,root_shoot_ratio,gardner_et_al_2021
biforface_c,vcmax,gardner_et_al_2021
biforface_c,jmax,gardner_et_al_2021
biforface_c,leaf_n_area,gardner_et_al_2021
biforface_c,leaf_n_mass,gardner_et_al_2021
biocon_c,bgb,crous_et_al_2010
biocon_c,bgb,he_et_al_2010
biocon_c,bgb,antoninka_et_al_2011
biocon_c,bgb,reich_et_al_2001a
biocon_c,bgb,tu_et_al_2017
biocon_c,bgb,reich_et_al_2001
biocon_c,anpp,adair_et_al_2009
biocon_c,root_production,adair_et_al_2009
biocon_c,agb,he_et_al_2010
biocon_c,agb,antoninka_et_al_2011
biocon_c,agb,lau_et_al_2007
biocon_c,agb,lau_et_al_2009
biocon_c,agb,reich_et_al_2001a
biocon_c,agb,west_et_al_2005
biocon_c,agb,tu_et_al_2017
biocon_c,agb,reich_et_al_2001
biocon_c,vcmax,crous_et_al_2010
biocon_c,vcmax,ali_et_al_2013
biocon_c,asat,tjoelker_et_al_2005
biocon_c,asat,crous_et_al_2010
biocon_c,asat,lee_et_al_2001
biocon_c,asat,lee_et_al_2011
biocon_c,asat,strengbom_and_reich_2006
biocon_c,leaf_n_mass,crous_et_al_2010
biocon_c,leaf_n_mass,tjoelker_et_al_2005
biocon_c,leaf_n_area,lee_et_al_2001
biocon_c,leaf_n_area,tjoelker_et_al_2005
biocon_c,n_inorg,NA
biocon_c,jmax,crous_et_al_2010
birmensdorf_a_c,bgb,hagedorn_et_al_2003
birmensdorf_a_c,bgb,spinnler_et_al_2002
birmensdorf_c_c,bgb,hagedorn_et_al_2003
birmensdorf_c_c,bgb,spinnler_et_al_2002
chaux-des-breuleux_c,agb,berendse_et_al_2001
chaux-des-breuleux_c,bgb,hoosbeek_et_al_2001
chaux-des-breuleux_c,bgb,berendse_et_al_2001
clermont_c,agb,bloor_et_al_2010
climaite_c,agb,andresen_et_al_2009
climaite_c,agb,andresen_et_al_2010
climaite_c,agb,kongstad_et_al_2012
climaite_c,n_uptake,NA
climaite_c,bgb,dam_and_christensen_2015
climaite_c,bgb,andresen_et_al_2009
climaite_c,bgb,andresen_et_al_2010
climaite_c,bgb,arndal_et_al_2014
climaite_c,vcmax,boesgaard_and_ro-poulsen_2013
climaite_c,asat,albert_et_al_2011a
climaite_c,asat,boesgaard_and_ro-poulsen_2013
climaite_c,root_production,arndal_et_al_2013a
climaite_c,root_production,arndal_et_al_2018
climaite_c,leaf_cn,boesgaard_and_ro-poulsen_2013
climaite_c,leaf_n_mass,andresen_et_al_2010
climaite_c,leaf_n_mass,andresen_et_al_2009
climaite_c,leaf_n_mass,boesgaard_and_ro-poulsen_2013
climaite_c,leaf_n_area,boesgaard_and_ro-poulsen_2013
climaite_c,n_inorg,NA
climaite_c,jmax,boesgaard_and_ro-poulsen_2013
climaite_c,root_shoot_ratio,andresen_et_al_2010
cper_c,agb,morgan_et_al_2004
cper_c,agb,king_et_al_2004
cper_c,bgb,king_et_al_2004
cper_c,bgb,milchunas_et_al_2005
cper_c,root_production,milchunas_et_al_2005
cper_c,gpp,bachman_et_al_2010
cper_c,anpp,milchunas_et_al_2005
cper_c,root_shoot_ratio,milchunas_et_al_2005
dri_c,bgb,johnson_et_al_1994
dri_c,bgb,phillips_et_al_2006
dri_c,bgb,walker_et_al_1997
dri_c,bgb,vose_et_al_1995
dri_c,root_production,phillips_et_al_2006
dri_c,root_shoot_ratio,walker_et_al_1997
dri_c,agb,walker_et_al_1997
dri_c2,bgb,walker_et_al_1997
dri_c2,bgb,vose_et_al_1995
dri_c2,root_production,phillips_et_al_2006
dri_c2,agb,walker_et_al_1997
dri_c2,root_shoot_ratio,walker_et_al_1997
dri_c2f,bgb,johnson_et_al_1994
dri_c2f,bgb,walker_et_al_1997
dri_c2f,bgb,vose_et_al_1995
dri_c2f,agb,walker_et_al_1997
dukeface_c,bgb,matamala_and_schlesinger_2000
dukeface_c,bgb,drake_et_al_2011
dukeface_c,bgb,hamilton_et_al_2002
dukeface_c,bgb,jackson_et_al_2009
dukeface_c,bgb,taylor_et_al_2014
dukeface_c,root_production,pritchard_et_al_2008
dukeface_c,root_production,phillips_et_al_2011
dukeface_c,leaf_n_mass,natali_et_al_2009
dukeface_c,leaf_n_mass,hamilton_et_al_2004
dukeface_c,leaf_n_mass,herrick_and_thomas_1998
dukeface_c,leaf_n_mass,herrick_and_thomas_2003
dukeface_c,leaf_n_mass,myers_et_al_1999
dukeface_c,leaf_n_mass,springer_and_thomas_2006
dukeface_c,leaf_n_mass,springer_et_al_2005
dukeface_c,n_uptake,NA
dukeface_c,vcmax,myers_et_al_1999
dukeface_c,vcmax,crous_and_ellsworth_2004
dukeface_c,vcmax,springer_and_thomas_2006
dukeface_c,vcmax,naumburg_and_ellsworth_2000
dukeface_c,vcmax,ellsworth_et_al_2012
dukeface_c,vcmax,maier_et_al_2008
dukeface_c,vcmax,paschalis_et_al_2016
dukeface_c,agb,schnitzer_et_al_2008
dukeface_c,agb,hamilton_et_al_2002
dukeface_c,agb,schlesinger_and_lichter_2001
dukeface_c,agb,kim_et_al_2016
dukeface_c,agb,mccarthy_et_al_2010
dukeface_c,agb,oishi_et_al_2014
dukeface_c,agb,finzi_et_al_2006
dukeface_c,anpp,schlesinger_et_al_2006
dukeface_c,anpp,finzi_et_al_2006
dukeface_c,asat,herrick_and_thomas_1998
dukeface_c,asat,logan_et_al_2009
dukeface_c,asat,naumburg_and_ellsworth_2000
dukeface_c,asat,springer_and_thomas_2006
dukeface_c,asat,springer_et_al_2005
dukeface_c,gpp,schaefer_et_al_2003
dukeface_c,leaf_cn,hamilton_et_al_2004
dukeface_c,leaf_cn,myers_et_al_1999
dukeface_c,leaf_n_area,ellsworth_et_al_2012
dukeface_c,leaf_n_area,finzi_et_al_2002
dukeface_c,leaf_n_area,herrick_and_thomas_1998
dukeface_c,leaf_n_area,herrick_and_thomas_2003
dukeface_c,leaf_n_area,maier_et_al_2008
dukeface_c,leaf_n_area,springer_and_thomas_2006
dukeface_c,leaf_n_area,springer_et_al_2005
dukeface_c,n_inorg,NA
dukeface_c,jmax,myers_et_al_1999
dukeface_c,jmax,crous_and_ellsworth_2004
dukeface_c,jmax,springer_and_thomas_2006
dukeface_c,jmax,ellsworth_et_al_2012
dukeface_c,jmax,maier_et_al_2008
dukeface_c,jmax,paschalis_et_al_2016
duolun7_c,gpp,an_experiment_conducted_by_dr_shiqiang_wan's_lab_for_more_experimental_information_see_song_et_al_2019_ecology_letters_22:458-468
duolun7_c,bgb,an_experiment_conducted_by_dr_shiqiang_wan's_lab_for_more_experimental_information_see_song_et_al_2019_ecology_letters_22:458-468
duolun7_c,agb,an_experiment_conducted_by_dr_shiqiang_wan's_lab_for_more_experimental_information_see_song_et_al_2019_ecology_letters_22:458-468
duolun7_c,root_shoot_ratio,an_experiment_conducted_by_dr_shiqiang_wan's_lab_for_more_experimental_information_see_song_et_al_2019_ecology_letters_22:458-468
dwingeloo_c,bgb,berendse_et_al_2001
dwingeloo_c,bgb,heijmans_et_al_2001b
dwingeloo_c,bgb,hoosbeek_et_al_2001
dwingeloo_c,agb,berendse_et_al_2001
dwingeloo_c,agb,heijmans_et_al_2001b
dwingeloo_c,agb,hoosbeek_et_al_2001
dwingeloo_c,agb,heijmans_et_al_2001a
dwingeloo_c,anpp,heijmans_et_al_2001b
erdos_c,bgb,xu_et_al_2007
erdos_c,agb,xu_et_al_2007
eth_face_c,bgb,ineson_et_al_1996
eucface_c,vcmax,pathare_et_al_2017
eucface_c,leaf_n_mass,gherlenda_et_al_2016
eucface_c,leaf_n_mass,pathare_et_al_2017
eucface_c,leaf_n_area,pathare_et_al_2017
eucface_c,n_inorg,NA
eucface_c,gpp,jiang_et_al_2020
eucface_c,root_production,jiang_et_al_2020
eucface_c,bgb,jiang_et_al_2020
eucface_c,anpp,jiang_et_al_2020
eucface_c,agb,jiang_et_al_2020
eucface_c,jmax,pathare_et_al_2017
euroface_pa_c,bgb,lukac_et_al_2003
euroface_pa_c,bgb,liberloo_et_al_2006
euroface_pa_c,bgb,gielen_et_al_2005
euroface_pa_c,bgb,calfapietra_et_al_2003
euroface_pa_c,lai,gielen_et_al_2001
euroface_pa_c,lai,finzi_et_al_2007
euroface_pa_c,root_shoot_ratio,liberloo_et_al_2006
euroface_pa_c,root_shoot_ratio,calfapietra_et_al_2003
euroface_pa_c,root_shoot_ratio,gielen_et_al_2005
euroface_pa_c,agb,gielen_et_al_2005
euroface_pa_c,agb,calfapietra_et_al_2003
euroface_pa_c,agb,liberloo_et_al_2006
euroface_pa_c,agb,liberloo_et_al_2005
euroface_pa_c,vcmax,hovenden_2003
euroface_pa_c,vcmax,liberloo_et_al_2007
euroface_pa_c,vcmax,bernacchi_et_al_2003
euroface_pa_c,vcmax,wittig_et_al_2005
euroface_pa_c,anpp,liberloo_et_al_2004
euroface_pa_c,anpp,finzi_et_al_2007
euroface_pa_c,anpp,liberloo_et_al_2005
euroface_pa_c,asat,bernacchi_et_al_2003
euroface_pa_c,asat,hovenden_2003
euroface_pa_c,root_production,NA
euroface_pa_c,gpp,wittig_et_al_2005
euroface_pa_c,leaf_n_mass,calfapietra_et_al_2007
euroface_pa_c,leaf_n_mass,finzi_et_al_2007
euroface_pa_c,leaf_n_mass,gielen_et_al_2003a
euroface_pa_c,leaf_n_mass,tricker_et_al_2004
euroface_pa_c,leaf_n_area,finzi_et_al_2007
euroface_pa_c,leaf_n_area,gielen_et_al_2003a
euroface_pa_c,leaf_n_area,tricker_et_al_2004
euroface_pa_c,jmax,hovenden_2003
euroface_pa_c,jmax,liberloo_et_al_2007
euroface_pa_c,jmax,bernacchi_et_al_2003
euroface_pa_c,jmax,wittig_et_al_2005
euroface_pe_c,bgb,lukac_et_al_2003
euroface_pe_c,bgb,liberloo_et_al_2006
euroface_pe_c,bgb,gielen_et_al_2005
euroface_pe_c,bgb,calfapietra_et_al_2003
euroface_pe_c,lai,gielen_et_al_2001
euroface_pe_c,lai,finzi_et_al_2007
euroface_pe_c,root_shoot_ratio,liberloo_et_al_2006
euroface_pe_c,root_shoot_ratio,calfapietra_et_al_2003
euroface_pe_c,root_shoot_ratio,gielen_et_al_2005
euroface_pe_c,agb,gielen_et_al_2005
euroface_pe_c,agb,calfapietra_et_al_2003
euroface_pe_c,agb,liberloo_et_al_2005
euroface_pe_c,vcmax,hovenden_2003
euroface_pe_c,vcmax,liberloo_et_al_2007
euroface_pe_c,vcmax,calfapietra_et_al_2004
euroface_pe_c,vcmax,bernacchi_et_al_2003
euroface_pe_c,vcmax,wittig_et_al_2005
euroface_pe_c,anpp,liberloo_et_al_2004
euroface_pe_c,anpp,finzi_et_al_2007
euroface_pe_c,anpp,liberloo_et_al_2005
euroface_pe_c,asat,bernacchi_et_al_2003
euroface_pe_c,asat,calfapietra_et_al_2004
euroface_pe_c,asat,hovenden_2003
euroface_pe_c,asat,tricker_et_al_2005
euroface_pe_c,root_production,NA
euroface_pe_c,gpp,wittig_et_al_2005
euroface_pe_c,leaf_n_mass,calfapietra_et_al_2007
euroface_pe_c,leaf_n_mass,calfapietra_et_al_2004
euroface_pe_c,leaf_n_mass,finzi_et_al_2007
euroface_pe_c,leaf_n_mass,gielen_et_al_2003a
euroface_pe_c,leaf_n_mass,tricker_et_al_2004
euroface_pe_c,leaf_n_area,calfapietra_et_al_2004
euroface_pe_c,leaf_n_area,finzi_et_al_2007
euroface_pe_c,leaf_n_area,gielen_et_al_2003a
euroface_pe_c,leaf_n_area,tricker_et_al_2004
euroface_pe_c,jmax,hovenden_2003
euroface_pe_c,jmax,liberloo_et_al_2007
euroface_pe_c,jmax,calfapietra_et_al_2004
euroface_pe_c,jmax,bernacchi_et_al_2003
euroface_pe_c,jmax,wittig_et_al_2005
euroface_pn_c,bgb,lukac_et_al_2003
euroface_pn_c,bgb,liberloo_et_al_2006
euroface_pn_c,bgb,gielen_et_al_2005
euroface_pn_c,bgb,calfapietra_et_al_2003
euroface_pn_c,lai,gielen_et_al_2001
euroface_pn_c,lai,finzi_et_al_2007
euroface_pn_c,root_shoot_ratio,liberloo_et_al_2006
euroface_pn_c,root_shoot_ratio,calfapietra_et_al_2003
euroface_pn_c,root_shoot_ratio,gielen_et_al_2005
euroface_pn_c,agb,gielen_et_al_2005
euroface_pn_c,agb,calfapietra_et_al_2003
euroface_pn_c,agb,liberloo_et_al_2005
euroface_pn_c,vcmax,hovenden_2003
euroface_pn_c,vcmax,liberloo_et_al_2007
euroface_pn_c,vcmax,bernacchi_et_al_2003
euroface_pn_c,vcmax,wittig_et_al_2005
euroface_pn_c,anpp,liberloo_et_al_2004
euroface_pn_c,anpp,finzi_et_al_2007
euroface_pn_c,anpp,liberloo_et_al_2005
euroface_pn_c,asat,bernacchi_et_al_2003
euroface_pn_c,asat,hovenden_2003
euroface_pn_c,root_production,NA
euroface_pn_c,gpp,wittig_et_al_2005
euroface_pn_c,leaf_n_mass,calfapietra_et_al_2007
euroface_pn_c,leaf_n_mass,finzi_et_al_2007
euroface_pn_c,leaf_n_mass,gielen_et_al_2003a
euroface_pn_c,leaf_n_mass,liberloo_et_al_2007
euroface_pn_c,leaf_n_mass,luo_et_al_2008
euroface_pn_c,leaf_n_mass,tricker_et_al_2004
euroface_pn_c,leaf_n_area,finzi_et_al_2007
euroface_pn_c,leaf_n_area,gielen_et_al_2003a
euroface_pn_c,leaf_n_area,liberloo_et_al_2007
euroface_pn_c,leaf_n_area,tricker_et_al_2004
euroface_pn_c,jmax,hovenden_2003
euroface_pn_c,jmax,liberloo_et_al_2007
euroface_pn_c,jmax,bernacchi_et_al_2003
euroface_pn_c,jmax,wittig_et_al_2005
euroface_pooled_c,agb,liberloo_et_al_2005
euroface_pooled_c,bgb,liberloo_et_al_2007
euroface_pooled_c,bgb,liberloo_et_al_2009
euroface_pooled_c,bgb,lagomarsino_et_al_2013
euroface_pooled_c,bgb,lagomarsino_et_al_2009
euroface_pooled_c,n_inorg,NA
euroface_pooled_c,lai,liberloo_et_al_2005
euroface_pooled_c,n_uptake,NA
euroface_pooled_c,root_shoot_ratio,gielen_et_al_2005
for_32.6_-85.5_c,agb,pritchard_et_al_2001
for_32.6_-85.5_c,bgb,pritchard_et_al_2001
giface_c,agb,lenhart_2008
giface_c,agb,haworth_et_al_2016
giface_c,agb,kammann_et_al_2005
giface_c,bgb,lenhart_2008
giface_c,vcmax,haworth_et_al_2016
giface_c,n_inorg,NA
giface_c,jmax,haworth_et_al_2016
glencorse_c,agb,rey_and_jarvis_1997
glencorse_c,bgb,rey_and_jarvis_1997
guangzhou_c,asat,liu_et_al_2011
guangzhou_c,leaf_n_mass,liu_et_al_2011
hohenheimface_2006_c,anpp,hoegy_et_al_2010
horsham_face10d_c,asat,tausz-posch_et_al_2013a
horsham_face10h_c,asat,tausz-posch_et_al_2013a
horsham_face10h45_c,leaf_n_area,tausz-posch_et_al_2015
horsham_face10h45_c,leaf_n_area,thilakarathne_et_al_2014
horsham_face10h45_c,anpp,thilakarathne_et_al_2014
horsham_face10h45_c,anpp,thilakarathne_et_al_2015
horsham_face10y_c,leaf_n_area,thilakarathne_et_al_2014
horsham_face10y_c,anpp,thilakarathne_et_al_2014
horsham_face10y_c,anpp,thilakarathne_et_al_2015
horsham_face13s_c,agb,houshmandfar_et_al_2016
horsham_face13y_c,agb,houshmandfar_et_al_2016
horsham_face14s_c,agb,houshmandfar_et_al_2016
horsham_face14s_c,agb,bahrami_et_al_2017
horsham_face14y_c,agb,houshmandfar_et_al_2016
horsham_face9hl_c,asat,tausz-posch_et_al_2013a
horsham_face9hn_c,asat,tausz-posch_et_al_2013a
horsham_face9yl_c,asat,tausz-posch_et_al_2013a
horsham_face9yn_c,asat,tausz-posch_et_al_2013a
horsham_face9yn_c,anpp,lam_et_al_2013
ipe_otc_cambisol_c,anpp,schutz_and_fangmeier_2001
ipe_otc_chernosem_c,anpp,schutz_and_fangmeier_2001
jrbp_face_c,anpp,dukes_et_al_2005
jrbp_face_c,anpp,henry_et_al_2006
jrbp_face_c,anpp,zavaleta_et_al_2003
jrbp_face_c,bgb,dukes_et_al_2005
jrbp_face_c,bgb,shaw_et_al_2002
jrbp_face_c,agb,shaw_et_al_2002
jrbp_face_c,agb,dukes_et_al_2005
jrbp_face_c,agb,henry_et_al_2006
jrbp_face_c,agb,henry_et_al_2005
jrbp_face_c,root_production,dukes_et_al_2005
jrbp_face_c,root_production,henry_et_al_2006
jrbp_face_c,root_shoot_ratio,dukes_et_al_2005
jrbp_otc_c,bgb,hungate_et_al_1997
jrbp_otc_c,bgb,moore_and_field_2006
jrbp_otc_c,bgb,jackson_and_reynolds_1996
jrbp_otc_c,bgb,higgins_et_al_2002
jrbp_otc_c,agb,hungate_et_al_1997
jrbp_otc_c,agb,moore_and_field_2006
jrbp_otc_c,agb,jackson_et_al_1995
jrbp_otc2sand_c,bgb,rillig_et_al_1999
jrbp_otc2sand_c,bgb,hungate_et_al_1997
jrbp_otc2sand_c,agb,hungate_et_al_1997
jrbp_otc2ser_c,bgb,rillig_et_al_1999
jrbp_otc2ser_c,bgb,hungate_et_al_1997
jrbp_otc2ser_c,agb,hungate_et_al_1997
jrbp_otcsand_c,root_shoot_ratio,cardon_et_al_2001
jrbp_otcsand_c,bgb,cardon_et_al_2001
jrbp_otcsand_c,agb,cardon_et_al_2001
jrbp_otcser_c,root_shoot_ratio,cardon_et_al_2001
jrbp_otcser_c,bgb,cardon_et_al_2001
jrbp_otcser_c,agb,cardon_et_al_2001
kopparasmyren_c,agb,berendse_et_al_2001
kopparasmyren_c,agb,hoosbeek_et_al_2001
kopparasmyren_c,bgb,hoosbeek_et_al_2001
kopparasmyren_c,bgb,berendse_et_al_2001
maricopaface_cotton89_c,agb,wood_et_al_1994
maricopaface_cotton89_c,bgb,wood_et_al_1994
maricopaface_cotton91_c,lai,mauney_et_al_1994
maricopaface_cotton91_c,root_shoot_ratio,mauney_et_al_1994
maricopaface_sorghum_cotton99_hd_c,agb,derner_et_al_2003
maricopaface_sorghum_cotton99_hd_c,bgb,derner_et_al_2003
maricopaface_sorghum_cotton99_ld_c,agb,derner_et_al_2003
maricopaface_sorghum_cotton99_ld_c,bgb,derner_et_al_2003
maricopaface_sorghum98_c,agb,grant_et_al_2004
maricopaface_sorghum98_c,agb,ottman_et_al_2000
maricopaface_sorghum98_c,agb,ottman_et_al_2001
maricopaface_sorghum98_c,agb,conley_et_al_2001
maricopaface_sorghum98_c,lai,ottman_et_al_2001
maricopaface_sorghum99_c,agb,grant_et_al_2004
maricopaface_sorghum99_c,agb,derner_et_al_2003
maricopaface_sorghum99_c,agb,conley_et_al_2001
maricopaface_sorghum99_c,agb,ottman_et_al_2001
maricopaface_sorghum99_c,lai,derner_et_al_2003
maricopaface_sorghum99_c,lai,ottman_et_al_2001
maricopaface_wheat93_c,agb,tubiello_et_al_1999
maricopaface_wheat93_c,agb,grossman-clarke_et_al_2001
maricopaface_wheat93_c,agb,asseng_et_al_2004
maricopaface_wheat93_c,agb,kimball_et_al_1995
maricopaface_wheat93_c,agb,wall_et_al_2006
maricopaface_wheat93_c,lai,asseng_et_al_2004
maricopaface_wheat93_c,lai,grossman-clarke_et_al_1999
maricopaface_wheat93_c,lai,kimball_et_al_1995
maricopaface_wheat93_c,leaf_n_mass,sinclair_et_al_2000
maricopaface_wheat93_c,root_production,wall_et_al_2006
maricopaface_wheat93_c,anpp,wall_et_al_2006
maricopaface_wheat93_c,anpp,wall_et_al_2001
maricopaface_wheat94_c,root_shoot_ratio,wall_et_al_2006
maricopaface_wheat94_c,lai,manunta_et_al_2002
maricopaface_wheat94_c,lai,pinter_et_al_2000
maricopaface_wheat94_c,lai,kimball_et_al_1995
maricopaface_wheat94_c,agb,wall_et_al_2006
maricopaface_wheat94_c,agb,aggeng_et_al_2004
maricopaface_wheat94_c,agb,pinter_et_al_2000
maricopaface_wheat94_c,agb,tubiello_et_al_1999
maricopaface_wheat94_c,agb,asseng_et_al_2004
maricopaface_wheat94_c,agb,kimball_et_al_1995
maricopaface_wheat94_c,root_production,wall_et_al_2006
maricopaface_wheat94_c,anpp,wall_et_al_2006
mbs_pe_c,agb,pregitzer_et_al_1995
mbs_pe_c,bgb,pregitzer_et_al_1995
mbs_pe_c,root_shoot_ratio,pregitzer_et_al_1995
mbs_pg_c,root_shoot_ratio,zak_et_al_1993
mbs_pg_c,agb,zak_et_al_1993
mbs_pg_c,bgb,zak_et_al_1993
mbs_pt_c,agb,mikan_et_al_2000
mbs_pt_c,bgb,mikan_et_al_2000
mbs_pt_c,root_shoot_ratio,mikan_et_al_2000
mbs_pt2_c,bgb,pregitzer_et_al_2000
mbs_pt4_as_c,bgb,NA
mbs_pt4_pt_c,bgb,NA
mi_c,agb,dijkstra_et_al_2002
mi_c,agb,day_et_al_2013
mi_c,agb,hungate_et_al_2013
mi_c,anpp,dijkstra_et_al_2002
mi_c,bgb,brown_et_al_2007
mi_c,bgb,brown_et_al_2009
mi_c,bgb,langley_et_al_2003
mi_c,bgb,day_et_al_2013
mi_c,bgb,hungate_et_al_2013
mi_c,root_production,langley_et_al_2003
montalto_di_castro_c,bgb,NA
nantuna_c,agb,marissink_et_al_2002
nantuna_c,bgb,sindhoj_et_al_2006
nevada_desert_face_c,agb,smith_et_al_2014
nevada_desert_face_c,agb,housman_et_al_2006
nevada_desert_face_c,agb,newingham_et_al_2013
nevada_desert_face_c,agb,smith_et_al_2000
nevada_desert_face_c,agb,evans_et_al_2014
nevada_desert_face_c,vcmax,huxman_and_smith_2001
nevada_desert_face_c,vcmax,naumburg_et_al_2003
nevada_desert_face_c,vcmax,aranjuelo_et_al_2011
nevada_desert_face_c,anpp,smith_et_al_2000
nevada_desert_face_c,asat,aranjuelo_et_al_2011
nevada_desert_face_c,asat,hamerlynck_et_al_2000
nevada_desert_face_c,asat,huxman_and_smith_2001
nevada_desert_face_c,bgb,evans_et_al_2014
nevada_desert_face_c,bgb,newingham_et_al_2013
nevada_desert_face_c,root_production,NA
nevada_desert_face_c,leaf_cn,billings_et_al_2003
nevada_desert_face_c,leaf_n_mass,billings_et_al_2003
nevada_desert_face_c,leaf_n_mass,billings_et_al_2004
nevada_desert_face_c,leaf_n_mass,huxman_and_smith_2001
nevada_desert_face_c,jmax,huxman_and_smith_2001
nevada_desert_face_c,jmax,aranjuelo_et_al_2011
nevada_desert_face_c,lai,newingham_et_al_2013
new_zealand_face_c,anpp,ross_et_al_2004
new_zealand_face_c,anpp,ross_et_al_2013
new_zealand_face_c,agb,allard_et_al_2005
new_zealand_face_c,agb,deng_et_al_2016
new_zealand_face_c,agb,li_et_al_2014
new_zealand_face_c,agb,ross_et_al_2013
new_zealand_face_c,agb,allard_et_al_2003
new_zealand_face_c,agb,ross_et_al_2004
new_zealand_face_c,agb,newton_et_al_2010
new_zealand_face_c,vcmax,von_caemmerer_et_al_2001
new_zealand_face_c,vcmax,guo_et_al_2006
new_zealand_face_c,asat,guo_et_al_2006
new_zealand_face_c,asat,von_caemmerer_et_al_2001
new_zealand_face_c,leaf_n_mass,guo_et_al_2006
new_zealand_face_c,leaf_n_mass,von_caemmerer_et_al_2001
new_zealand_face_c,leaf_n_area,guo_et_al_2006
new_zealand_face_c,leaf_n_area,von_caemmerer_et_al_2001
new_zealand_face_c,n_inorg,NA
new_zealand_face_c,jmax,guo_et_al_2006
new_zealand_face_c,bgb,allard_et_al_2005
ornerp_acer_pooled_c,agb,norby_et_al_2000
ornerp_acer_pooled_c,bgb,wan_et_al_2004
ornerp_acer_pooled_c,root_production,NA
ornerp_acer_pooled_c,root_shoot_ratio,wan_et_al_2004
ornerp_grassland_c,agb,kardol_et_al_2010
ornerp_grassland_c,agb,wan_et_al_2007
ornerp_liriodendron_c,bgb,norby_et_al_1992
ornerp_liriodendron_c,agb,norby_et_al_1992
ornerp_liriodendron_c2,agb,norby_et_al_1992
ornerp_liriodendron_c2,bgb,norby_et_al_1992
ornerp_liriodendron_c2,root_shoot_ratio,norby_et_al_1992
ornerp_populus_c,bgb,zak_et_al_2000
ornerp_populus_c,leaf_n_mass,zak_et_al_2000
ornerp_populus_c,root_shoot_ratio,zak_et_al_2000
ornerp_populus_c,agb,zak_et_al_2000
ornerp_quercus_c,bgb,norby_et_al_1995
ornerp_quercus_c,root_shoot_ratio,norby_et_al_1995
ornerp_quercus_c,agb,norby_et_al_1995
ornerp_quercus_c2,agb,norby_et_al_1995
ornerp_quercus_c2,bgb,norby_et_al_1995
ornerp_quercus_c2,root_shoot_ratio,norby_et_al_1995
ornl_face_liqui_c,anpp,norby_et_al_2002
ornl_face_liqui_c,root_production,iversen_et_al_2008
ornl_face_liqui_c,root_production,norby_et_al_2002
ornl_face_liqui_c,bgb,iversen_et_al_2008
ornl_face_liqui_c,leaf_n_mass,natali_et_al_2009
ornl_face_liqui_c,n_uptake,NA
ornl_face_liqui_c,root_shoot_ratio,norby_et_al_2002
ornl_face_liqui2_c,leaf_n_mass,iversen_and_norby_2008
ornl_face_liqui2_c,leaf_n_mass,johnson_et_al_2004
ornl_face_liqui2_c,leaf_n_mass,natali_et_al_2009
ornl_face_liqui2_c,leaf_n_mass,norby_et_al_2006
ornl_face_liqui2_c,leaf_n_mass,norby_et_al_2010
ornl_face_liqui2_c,leaf_n_mass,sanders_et_al_2004
ornl_face_liqui2_c,leaf_n_mass,warren_et_al_2015
ornl_face_liqui2_c,leaf_n_mass,wicklein_et_al_2012
ornl_face_liqui2_c,agb,souza_et_al_2010
ornl_face_liqui2_c,agb,norby_et_al_2004
ornl_face_liqui2_c,asat,gunderson_et_al_2002
ornl_face_liqui2_c,asat,monson_et_al_2007
ornl_face_liqui2_c,asat,sholtis_et_al_2004
ornl_face_liqui2_c,asat,warren_et_al_2015
ornl_face_liqui2_c,bgb,norby_et_al_2004
ornl_face_liqui2_c,root_production,NA
ornl_face_liqui2_c,leaf_cn,sanders_et_al_2004
ornl_face_liqui2_c,anpp,norby_et_al_2001
ornl_face_liqui2_c,anpp,sanders_et_al_2004
ornl_face_liqui2_c,anpp,belote_et_al_2003
ornl_face_liqui2_c,leaf_n_area,warren_et_al_2015
ornl_face_liqui2_c,n_uptake,NA
ornl_face_liqui2_c,n_inorg,NA
ornl_face_liqui2_c,lai,norby_et_al_2003
ornl_face_liqui2_c,lai,norby_et_al_2001
ornl_face_liqui2_c,lai,warren_et_al_2011
ornl_face_liqui3_c,bgb,iversen_et_al_2008
phace_c,agb,blumenthal_et_al_2016
phace_c,agb,morgan_et_al_2011
phace_c,agb,mueller_et_al_2016
phace_c,root_shoot_ratio,NA
phace_c,bgb,dijkstra_et_al_2010
phace_c,bgb,morgan_et_al_2011
phace_c,bgb,mueller_et_al_2018
phace_c,bgb,carrillo_et_al_2014
phace_c,bgb,mueller_et_al_2016
phace_c,gpp,pendall_et_al_2013
phace_c,leaf_n_mass,unpublished
riceface_japan_ko_2010_3558_13960_c,lai,hayashi_et_al_2011
riceface_nianyufarm_2002_c,leaf_n_mass,yang_et_al_2006a
riceface_nianyufarm_2002_c,lai,yang_et_al_2006a
riceface_nianyufarm_2002_c,agb,xu_et_al_2004
riceface_nianyufarm_2003_c,agb,xu_et_al_2004
riceface_nianyufarm_2014_c,anpp,cai_et_al_2016
riceface_nianyufarm_triticum_2012_c,n_inorg,NA
riceface_nianyufarm_triticum_2014_c,anpp,cai_et_al_2016
riceface_shizukuishi_a_1998_c,leaf_n_area,kim_et_al_2003
riceface_shizukuishi_a_1998_c,leaf_n_area,seneweera_et_al_2002
riceface_shizukuishi_a_1998_c,leaf_n_area,fumoto_et_al_2013
riceface_shizukuishi_a_1998_c,agb,seneweera_et_al_2002
riceface_shizukuishi_a_1998_c,agb,sasaki_et_al_2007
riceface_shizukuishi_a_1998_c,agb,fumoto_et_al_2013
riceface_shizukuishi_a_1998_c,agb,bannayan_et_al_2005
riceface_shizukuishi_a_1998_c,agb,bannayan_et_al_2007
riceface_shizukuishi_a_2003_c,n_uptake,NA
riceface_shizukuishi_a_2004_c,n_uptake,NA
riceface_shizukuishi_a_2007_c,agb,tokida_et_al_2010
riceface_shizukuishi_a_2008_c,agb,tokida_et_al_2011
riceface_shizukuishi_h_2003_c,n_uptake,NA
riceface_shizukuishi_h_2004_c,n_uptake,NA
riceface_shizukuishi_ka_2003_c,n_uptake,NA
riceface_shizukuishi_ka_2004_c,n_uptake,NA
riceface_shizukuishi_ki_2003_c,n_uptake,NA
riceface_shizukuishi_ki_2004_c,n_uptake,NA
riceface_zhongcun_hybrid_2005_c,agb,yang_et_al_2009b
riceface_zhongcun_hybrid_2005_c,lai,yang_et_al_2009b
riceface_zhongcun_hybrid_2006_c,agb,yang_et_al_2009b
riceface_zhongcun_rotation_2004_c,agb,xie_et_al_2012
riceface_zhongcun_rotation_2005_c,agb,xie_et_al_2012
riceface_zhongcun_rotation_2006_c,agb,xie_et_al_2012
riceface_zhongcun_rotation_2007_c,agb,xie_et_al_2012
salmisuo_c,bgb,saarnio_et_al_2003
salmisuo_c,bgb,berendse_et_al_2001
salmisuo_c,bgb,hoosbeek_et_al_2001
salmisuo_c,agb,berendse_et_al_2001
salmisuo_c,agb,hoosbeek_et_al_2001
sca_c,agb,schaeppi_and_koerner_1996
sca_c,agb,arnone_iii_1999
sca_c,bgb,schaeppi_and_koerner_1996
sca_c,root_production,schaeppi_and_koerner_1996
scbg_c,agb,liu_et_al_2010
scbg_c,agb,deng_et_al_2010
scbg_c,agb,chen_et_al_2012
scbg_c,agb,liu_et_al_2010b
scbg_c,bgb,liu_et_al_2010
scbg_c,bgb,chen_et_al_2012
scbg_c,bgb,liu_et_al_2010b
scbg_c,root_shoot_ratio,deng_et_al_2010
scbg_c,root_shoot_ratio,liu_et_al_2010
soyfaced_maiz_c,bgb,ruiz-vera_et_al_2015
soyfacemaiz4_c,vcmax,leakey_et_al_2006
soyfacesoy1_c,agb,morgan_et_al_2005
soyfacesoy1_c,vcmax,bernacchi_et_al_2005
soyfacesoy1_c,asat,bernacchi_et_al_2005
soyfacesoy1_c,asat,dermody_et_al_2006
soyfacesoy1_c,jmax,bernacchi_et_al_2005
soyfacesoy1_c,lai,dermody_et_al_2006
soyfacesoy2_c,agb,morgan_et_al_2005
soyfacesoy2_c,vcmax,ainsworth_et_al_2004
soyfacesoy2_c,vcmax,bernacchi_et_al_2005
soyfacesoy2_c,anpp,morgan_et_al_2005
soyfacesoy2_c,asat,bernacchi_et_al_2005
soyfacesoy2_c,asat,dermody_et_al_2006
soyfacesoy2_c,leaf_cn,hamilton_et_al_2002
soyfacesoy2_c,leaf_n_mass,rogers_et_al_2006
soyfacesoy2_c,jmax,bernacchi_et_al_2005
soyfacesoy2_c,lai,dermody_et_al_2006
soyfacesoy3_c,agb,morgan_et_al_2005
soyfacesoy3_c,anpp,morgan_et_al_2005
soyfacesoy3_c,leaf_n_area,rogers_et_al_2006
soyfacetobacco9_c,vcmax,rosenthal_et_al_2011
soyfacetobacco9_c,leaf_cn,rosenthal_et_al_2011
soyfacetobacco9_c,leaf_n_mass,rosenthal_et_al_2011
soyfacetobacco9_c,jmax,rosenthal_et_al_2011
st_face_ld_c,bgb,dawes_et_al_2013
st_face_ld_c,agb,dawes_et_al_2015
st_face_ld_c,asat,handa_et_al_2005
st_face_ld_c,asat,haettenschwiler_et_al_2002
st_face_ld_c,asat,dawes_et_al_2013
st_face_ld_c,leaf_cn,asshoff_and_haettenschwiler_2006
st_face_ld_c,leaf_cn,hagedorn_and_machwitz_2006
st_face_ld_c,leaf_cn,handa_et_al_2005
st_face_ld_c,leaf_n_mass,asshoff_and_haettenschwiler_2006
st_face_ld_c,leaf_n_mass,handa_et_al_2005
st_face_ld_c,leaf_n_mass,haettenschwiler_et_al_2002
st_face_ld_c,leaf_n_mass,dawes_et_al_2013
st_face_ld_c,leaf_n_area,asshoff_and_haettenschwiler_2006
st_face_ld_c,leaf_n_area,handa_et_al_2005
st_face_ld_c,leaf_n_area,haettenschwiler_et_al_2002
st_face_ld_c,n_inorg,NA
st_face_ld_c,root_production,handa_et_al_2008
st_face_pu_c,asat,dawes_et_al_2013
st_face_pu_c,asat,handa_et_al_2005
st_face_pu_c,asat,haettenschwiler_et_al_2002
st_face_pu_c,bgb,dawes_et_al_2013
st_face_pu_c,leaf_n_mass,dawes_et_al_2013
st_face_pu_c,leaf_n_mass,handa_et_al_2005
st_face_pu_c,leaf_n_mass,haettenschwiler_et_al_2002
st_face_pu_c,agb,dawes_et_al_2015
st_face_pu_c,leaf_cn,hagedorn_and_machwitz_2006
st_face_pu_c,leaf_cn,handa_et_al_2005
st_face_pu_c,leaf_n_area,handa_et_al_2005
st_face_pu_c,leaf_n_area,haettenschwiler_et_al_2002
st_face_pu_c,n_inorg,NA
st_face_pu_c,root_production,handa_et_al_2008
suonenjoki2_bp4_c,bgb,riikonen_et_al_2004
suonenjoki2_bp4_c,agb,riikonen_et_al_2004
suonenjoki2_bp80_c,bgb,riikonen_et_al_2004
suonenjoki2_bp80_c,agb,riikonen_et_al_2004
swissface_bromuscarex_c,agb,van_kleunen_et_al_2006
swissface_forest_c,root_shoot_ratio,bucher_et_al_1998
swissface_forest_c,agb,bucher_et_al_1998
swissface_forest_c,bgb,bucher_et_al_1998
swissface_lolium2_c,agb,schneider_et_al_2004
swissface_lolium2_c,agb,bazot_et_al_2006
swissface_lolium2_c,agb,hartwig_et_al_2002
swissface_lolium2_c,agb,gloser_et_al_2000
swissface_lolium2_c,root_shoot_ratio,bazot_et_al_2006
swissface_lolium2_c,anpp,hebeisen_et_al_1997
swissface_lolium2_c,anpp,hartwig_et_al_2002
swissface_lolium2_c,n_uptake,NA
swissface_lolium2_c,n_inorg,NA
swissface_lolium2_c,bgb,bazot_et_al_2006
swissface_lolium2_c,bgb,hartwig_et_al_2002
swissface_lolium2_c,bgb,hebeisen_et_al_1997
swissface_lolium2_c,bgb,van_groenigen_et_al_2005
swissface_loliumtrifolium2_c,anpp,hebeisen_et_al_1997
swissface_loliumtrifolium2_c,agb,hebeisen_et_al_1997
swissface_medicago_c,agb,luscher_et_al_2000
swissface_trifolium2_c,agb,hartwig_et_al_2002
swissface_trifolium2_c,bgb,hartwig_et_al_2002
swissface_trifolium2_c,bgb,hebeisen_et_al_1997
swissface_trifolium2_c,vcmax,ainsworth_et_al_2003
swissface_trifolium2_c,anpp,hebeisen_et_al_1997
swissface_trifolium2_c,asat,ainsworth_et_al_2003
swissface_trifolium2_c,jmax,ainsworth_et_al_2003
tasface_c,agb,pendall_et_al_2011
tasface_c,bgb,pendall_et_al_2011
tasface_c,anpp,pendall_et_al_2011
tasface_c,n_inorg,NA
ua_otc_c,agb,jach_et_al_2000
ua_otc_c,agb,janssens_et_al_2005
ua_otc_c,bgb,jach_et_al_2000
ua_otc_c,bgb,janssens_et_al_2005
ua_otc_c,bgb,janssens_et_al_1998
ua_otc_c,root_shoot_ratio,jach_et_al_2000
ua_otc_c,root_shoot_ratio,janssens_et_al_2005
usda_central_plains_c,bgb,pendall_et_al_2004
usda_central_plains_c,agb,pendall_et_al_2004
usda_central_plains_c,agb,morgan_et_al_2004
usda_central_plains_c,agb,morgan_et_al_2001
usda_citrus_c,bgb,kimball_et_al_2007
usda_citrus_c,agb,kimball_et_al_2007
usda_citrus_c,root_shoot_ratio,kimball_et_al_2007
webface_c,bgb,hagedorn_et_al_2013
webface_c,bgb,bader_et_al_2009
