"exp","myvar","citation","full_reference","X","bibtexkey"
"23.33_113.5_c","agb","deng_et_al_2013","deng_q_et_al_seasonal_responses_of_soil_respiration_to_elevated_co2_and_n_addition_in_young_subtropical_forest_ecosystems_in_southern_china_ecol_eng_61_65-73_2013",NA,"@deng_et_al_2013"
"39.02_-76.9_c","root_shoot_ratio","ziska_et_al_2004","ziska_l_h_faulkner_s_and_lydon_j_changes_in_biomass_and_root:shoot_ratio_of_field-grown_canada_thistle_cirsium_arvense_a_noxious_invasive_weed_with_elevated_co2:_implications_for_control_with_glyphosate_weed_sci_52_584-588_2004",NA,"@ziska_et_al_2004"
"40.7_-85.72_c","bgb","zak_et_al_1993","zak_d_r_pregitzer_k_curtis_p_teeri_j_fogel_r_and_randlett_d_1993_elevated_atmospheric_co_z_and_feedback_between_carbon_and_nitrogen_cycles_edited_by_foxit_reader_plant_and_soil_1511_105û117",NA,"@zak_et_al_1993"
"40.7_-85.72_c","agb","zak_et_al_1995","zak_d_r_et_al_elevated_atmospheric_co2_and_feedback_between_carbon_and_nitrogen_cycles_plant_soil_151_105-117_1993",NA,"@zak_et_al_1995"
"47.82_133.67_c","gpp","wang_et_al_2013","wang_g_fahey_t_j_xue_s_and_liu_f_root_morphology_and_architecture_respond_to_n_addition_in_pinus_tabuliformis_west_china_oecologia_171_583-590_2013",NA,"@wang_et_al_2013"
"aspenface_bp_c","vcmax","uddling_et_al_2009","agrell_j_kopper_b_mcdonald_ep_lindroth_rl_2005_co2_and_o3_effects_on_host_plant_preferences_of_the_forest_tent_caterpillar_malacosoma_disstria_global_change_biology_11:588û599",NA,"@uddling_et_al_2009"
"aspenface_bp_c","vcmax","darbah_et_al_2010b","darbah_jnt_sharkey_td_calfapietra_c_karnosky_df_2010_differential_response_of_aspen_and_birch_trees_to_heat_stress_under_elevated_carbon_dioxide_environmental_pollution_158:1008û1014",NA,"@darbah_et_al_2010b"
"aspenface_bp_c","asat","karnosky_et_al_2003","karnosky_df_zak_dr_pregitzer_ks_awmack_cs_bockheim_jg_dickson_re_hendrey_gr_host_ge_king_js_kopper_bj_kruger_el_kubiske_me_lindroth_rl_mattson_wj_mcdonald_ep_noormets_a_oksanen_e_parsons_wfj_percy_ke_podila_gk_riemenschneider_de_sharma_p_thakur_r_s¶ber_a_s¶ber_j_jones_ws_anttonen_s_vapaavuori_e_mankovska_b_heilman_w_isebrands_jg_2003_tropospheric_o3_moderates_responses_of_temperate_hardwood_forests_to_elevated_co2:_a_synthesis_of_molecular_to_ecosystem_results_from_the_aspen_face_project_functional_ecology_17:289û304",NA,"@karnosky_et_al_2003"
"aspenface_bp_c","asat","riikonen_et_al_2008","riikonen_j_kets_k_darbah_jnt_oksanen_e_sober_a_vapaavuori_e_kubiske_me_nelson_n_karnosky_df_2008_carbon_gain_and_bud_physiology_in_populus_tremuloides_and_betula_papyrifera_under_long-term_exposure_to_elevated_concentrations_of_co2_and_o3_tree_physiology_28:243û254",NA,"@riikonen_et_al_2008"
"aspenface_bp_c","leaf_cn","couture_et_al_2012","agrell_j_kopper_b_mcdonald_ep_lindroth_rl_2005_co2_and_o3_effects_on_host_plant_preferences_of_the_forest_tent_caterpillar_malacosoma_disstria_global_change_biology_11:588û599",NA,"@couture_et_al_2012"
"aspenface_bp_c","leaf_cn","lindroth_et_al_2001","lindroth_rl_kopper_bj_parsons_wfj_bockheim_jg_karnosky_df_hendrey_gr_pregitzer_ks_isebrands_jg_sober_j_2001_consequences_of_elevated_carbon_dioxide_and_ozone_for_foliar_chemical_composition_and_dynamics_in_trembling_aspen_populus_tremuloides_and_paper_birch_betula_papyrifera_environmental_pollution_115:395û404",NA,"@lindroth_et_al_2001"
"aspenface_bp_c","leaf_cn","parsons_et_al_2004","parsons_wfj_lindroth_rl_bockheim_jg_2004_decomposition_of_betula_papyrifera_leaf_litter_under_the_independent_and_interactive_effects_of_elevated_co2_and_o3_global_change_biology_10:1666û1677",NA,"@parsons_et_al_2004"
"aspenface_bp_c","leaf_n_mass","agrell_et_al_2005","agrell_j_kopper_b_mcdonald_ep_lindroth_rl_2005_co2_and_o3_effects_on_host_plant_preferences_of_the_forest_tent_caterpillar_malacosoma_disstria_global_change_biology_11:588û599",NA,"@agrell_et_al_2005"
"aspenface_bp_c","leaf_n_mass","zak_et_al_2007a","zak_dr_holmes_we_pregitzer_ks_king_js_ellsworth_ds_kubiske_m_2007_belowground_competition_and_the_response_of_developing_forest_communities_to_atmospheric_co2_and_o3_global_change_biology_13:2230û2238",NA,"@zak_et_al_2007a"
"aspenface_c","asat","monson_et_al_2007","monson_r_k_trahan_n_rosenstiel_t_n_veres_p_moore_d_wilkinson_m__and_karnosky_d_f_2007_isoprene_emission_from_terrestrial_ecosystems_in_response_to_global_change:_minding_the_gap_between_models_and_observations_philosophical_transactions_of_the_royal_society_of_london_a:_mathematical_physical_and_engineering_sciences_3651856_1677-1695",NA,"@monson_et_al_2007"
"aspenface_c","n_uptake",NA,NA,NA,NA
"aspenface_pooled_c","bgb","zak_et_al_2007","zak_d_r_holmes_w_e_and_pregitzer_k_s_2007_atmospheric_co2_and_o3_alter_the_flow_of_15n_in_developing_forest_ecosystems_ecology_8810_2630û2639_https://doiorg/101890/06-18191",NA,"@zak_et_al_2007"
"aspenface_pt_c","root_production","pregitzer_et_al_2008","pregitzer_ks_burton_aj_king_js_zak_dr_2008_soil_respiration_root_biomass_and_root_turnover_following_long-term_exposure_of_northern_forests_to_elevated_atmospheric_co-2_and_tropospheric_o-3_new_phytologist_180_153-161",NA,"@pregitzer_et_al_2008"
"aspenface_pt_c","bgb","king_et_al_2005","king_js_kubiske_me_pregitzer_ks_et_al_2005_tropospheric_o-3_compromises_net_primary_production_in_young_stands_of_trembling_aspen_paper_birch_and_sugar_maple_in_response_to_elevated_atmospheric_co2_new_phytologist_168_623-635",NA,"@king_et_al_2005"
"aspenface_pt_c","bgb","king_et_al_2001","king_j_pregitzer_k_zak_d_sober_j_isebrands_j_dickson_r_hendrey_g_karnosky_d_2001_fine-root_biomass_and_fluxes_of_soil_carbon_in_young_stands_of_paper_birch_and_trembling_aspen_as_affected_by_elevated_atmospheric_co2_and_tropospheric_o3_oecologia_128:237û250",NA,"@king_et_al_2001"
"aspenface_pt_c","lai","finzi_et_al_2007","finzi_ac_norby_rj_calfapietra_c_gallet-budynek_a_gielen_b_holmes_we_hoosbeek_mr_iverson_cm_jackson_rb_kubiske_me_ledford_hr_liberloo_m_oren_r_polle_a_pritchard_sg_zak_dr_schlesinger_wh_ceulemans_r_2007_increases_in_nitrogen_uptake_rather_than_nitrogen-use_efficiency_support_higher_rates_of_temperate_forest_productivity_under_elevated_co2_2007_pnas_10435:14014-14019_pnas_104:14014û14019",NA,"@finzi_et_al_2007"
"aspenface_pt_c","lai","uddling_et_al_2008","uddling_j_teclaw_rm_kubiske_me_pregitzer_ks_ellsworth_ds_2008_sap_flux_in_pure_aspen_and_mixed_aspen-birch_forests_exposed_to_elevated_concentrations_of_carbon_dioxide_and_ozone_tree_physiology_28:_1231-1243_28",NA,"@uddling_et_al_2008"
"aspenface_pt_c","lai","mcgrath_et_al_2010","mcgrath_jm_karnosky_df_ainsworth_ea_2010_spring_leaf_flush_in_aspen_populus_tremuloides_clones_is_altered_by_long-term_growth_at_elevated_carbon_dioxide_and_elevated_ozone_concentration_environmental_pollution_158:1023û1028",NA,"@mcgrath_et_al_2010"
"aspenface_pt_c","lai","noormets_et_al_2010","noormets_a_kull_o_s¶ber_a_kubiske_me_karnosky_df_2010_elevated_co2_response_of_photosynthesis_depends_on_ozone_concentration_in_aspen_environmental_pollution_158:992û999",NA,"@noormets_et_al_2010"
"aspenface_pt_c","asat","noormets_et_al_2001","noormets_a_mcdonald_ep_dickson_re_kruger_el_s¶ber_a_isebrands_jg_karnosky_df_2001_the_effect_of_elevated_carbon_dioxide_and_ozone_on_leaf-_and_branch-level_photosynthesis_and_potential_plant-level_carbon_gain_in_aspen_trees_15:262û270",NA,"@noormets_et_al_2001"
"aspenface_pt_c","asat","calfapietra_et_al_2007","calfapietra_c_wiberley_ae_falbel_tg_linskey_ar_mugnozza_gs_karnosky_df_loreto_f_sharkey_td_2007_isoprene_synthase_expression_and_protein_levels_are_reduced_under_elevated_o3_but_not_under_elevated_co2_face_in_field-grown_aspen_trees_plant_cell_and_environment_30:654û661",NA,"@calfapietra_et_al_2007"
"aspenface_pt_c","asat","calfapietra_et_al_2008","calfapietra_c_scarascia_mugnozza_g_karnosky_df_loreto_f_sharkey_td_2008_isoprene_emission_rates_under_elevated_co2_and_o3_in_two_field-grown_aspen_clones_differing_in_their_sensitivity_to_o3_new_phytologist_179:55û61",NA,"@calfapietra_et_al_2008"
"aspenface_pt_c","asat","cseke_et_al_2009","cseke_lj_tsai_c-j_rogers_a_nelsen_mp_white_hl_karnosky_df_podila_gk_2009_transcriptomic_comparison_in_the_leaves_of_two_aspen_genotypes_having_similar_carbon_assimilation_rates_but_different_partitioning_patterns_under_elevated_[co_2_]_new_phytologist_182:891û911",NA,"@cseke_et_al_2009"
"aspenface_pt_c","asat","darbah_et_al_2010a","darbah_jnt_kubiske_me_nelson_n_kets_k_riikonen_j_sober_a_rouse_l_karnosky_df_2010_will_photosynthetic_capacity_of_aspen_trees_acclimate_after_long-term_exposure_to_elevated_co2_and_o3?_environmental_pollution_158:983û991",NA,"@darbah_et_al_2010a"
"aspenface_pt_c","asat","kets_et_al_2010","kets_k_darbah_jnt_sober_a_riikonen_j_sober_j_karnosky_df_2010_diurnal_changes_in_photosynthetic_parameters_of_populus_tremuloides_modulated_by_elevated_concentrations_of_co2_and/or_o3_and_daily_climatic_variation_environmental_pollution_158:1000û1007",NA,"@kets_et_al_2010"
"aspenface_pt_c","asat","sharma_et_al_2003","sharma_p_sober_a_sober_j_podila_gk_kubiske_me_mattson_wj_isebrands_jg_karnosky_df_2003_moderation_of_[co2]-induced_gas_exchange_responses_by_elevated_tropospheric_o3_in_trembling_aspen_and_sugar_maple_ekologia_22:304û317",NA,"@sharma_et_al_2003"
"aspenface_pt_c","asat","takeuchi_et_al_2001","takeuchi_y_kubiske_me_isebrands_jg_pregitzer_ks_hendrey_g_karnosky_df_2001_photosynthesis_light_and_nitrogen_relationships_in_a_young_deciduous_forest_canopy_under_open-air_co2_enrichment_plant_cell_and_environment_24:1257û1268",NA,"@takeuchi_et_al_2001"
"aspenface_pt_c","asat","taylor_et_al_2007","taylor_g_tallis_mj_giardina_cp_percy_ke_miglietta_f_gupta_ps_gioli_b_calfapietra_c_gielen_b_kubiske_me_scarascia-mugnozza_ge_kets_k_long_sp_karnosky_df_2007_future_atmospheric_co2_leads_to_delayed_autumnal_senescence:_future_co2_delays_autumnal_senescence_in_populus_global_change_biology_14:264û275",NA,"@taylor_et_al_2007"
"aspenface_pt_c","leaf_n_mass","finzi_et_al_2008","agrell_j_kopper_b_mcdonald_ep_lindroth_rl_2005_co2_and_o3_effects_on_host_plant_preferences_of_the_forest_tent_caterpillar_malacosoma_disstria_global_change_biology_11:588û599",NA,"@finzi_et_al_2008"
"aspenface_pt_c","leaf_n_mass","holton_et_al_2003","holton_mk_lindroth_rl_nordheim_ev_2003_foliar_quality_influences_tree-herbivore-parasitoid_interactions:_effects_of_elevated_co_2__o_3__and_plant_genotype_oecologia_137:233û244",NA,"@holton_et_al_2003"
"aspenface_pt_c","leaf_n_mass","kopper_and_lindroth_2003a","kopper_bj_lindroth_rl_2003_responses_of_trembling_aspen_populus_tremuloides_phytochemistry_and_aspen_blotch_leafminer_phyllonorycter_tremuloidiella_performance_to_elevated_levels_of_atmospheric_co2_and_o3_agricultural_and_forest_entomology_5:17û26",NA,"@kopper_and_lindroth_2003a"
"aspenface_pt_c","leaf_n_mass","kopper_and_lindroth_2003b","agrell_j_kopper_b_mcdonald_ep_lindroth_rl_2005_co2_and_o3_effects_on_host_plant_preferences_of_the_forest_tent_caterpillar_malacosoma_disstria_global_change_biology_11:588û599",NA,"@kopper_and_lindroth_2003b"
"aspenface_pt_c","leaf_n_mass","lindroth_et_al_2002","lindroth_rl_wood_sa_kopper_bj_2002_response_of_quaking_aspen_genotypes_to_enriched_co2:_foliar_chemistry_and_insect_performance_agricultural_and_forest_entomology_4:315û323",NA,"@lindroth_et_al_2002"
"aspenface_pt_c","leaf_n_mass","vigue_and_lindroth_2010","vigue_lm_lindroth_rl_2010_effects_of_genotype_elevated_co_2_and_elevated_o_3_on_aspen_phytochemistry_and_aspen_leaf_beetle_chrysomela_crotchi_performance_agricultural_and_forest_entomology",NA,"@vigue_and_lindroth_2010"
"aspenface_ptas_c","leaf_n_mass","kopper_et_al_2001","kaakinen_s_kostiainen_k_ek_f_saranpaa_p_kubiske_me_sober_j_karnosky_df_vapaavuori_e_2004_stem_wood_properties_of_populus_tremuloides_betula_papyrifera_and_acer_saccharum_saplings_after_3_years_of_treatments_to_elevated_carbon_dioxide_and_ozone_global_change_biology_10:1513û1525",NA,"@kopper_et_al_2001"
"aspenface_ptas_c","leaf_n_mass","muntifering_et_al_2006","muntifering_rb_chappelka_ah_karnosky_df_somers_gl_2006_chemical_composition_and_digestibility_of_trifolium_exposed_to_elevated_ozone_and_carbon_dioxide_in_a_free-air_face_fumigation_system_functional_ecology_20:269û275",NA,"@muntifering_et_al_2006"
"bangorface_c","bgb","smith_et_al_2012","free_atmospheric_co2_enrichment_increased_above_ground_biomass_but_did_not_affect_symbiotic_n2-fixation_and_soil_carbon_dynamics_in_a_mixed_deciduous_stand_in_wales",NA,"@smith_et_al_2012"
"bangorface_c","agb","hoosbeek_et_al_2011","free_atmospheric_co2_enrichment_increased_above_ground_biomass_but_did_not_affect_symbiotic_n2-fixation_and_soil_carbon_dynamics_in_a_mixed_deciduous_stand_in_wales",NA,"@hoosbeek_et_al_2011"
"biforface_c","asat","gardner_et_al_2021","gardner_a_ellsworth_ds_crous_ky_pritchard_j_and_mackenzie_ar_2021_is_photosynthetic__enhancement_sustained_through_three_years_of_elevated_co2_exposure_in_175-year_old_quercus_robur?_tree_physiology",NA,"@gardner_et_al_2021"
"biocon_c","bgb","crous_et_al_2010","crous_ky_reich_pb_hunter_md_ellsworth_ds_2010_maintenance_of_leaf_n_controls_the_photosynthetic_co2_response_of_grassland_species_exposed_to_9_years_of_free?air_co2_enrichmentáglobal_change_biologyá167:_2076-2088",NA,"@crous_et_al_2010"
"biocon_c","bgb","he_et_al_2010","he_z_xu_m_deng_y_kang_s_kellogg_l_wu_l_zhou_j_2010_metagenomic_analysis_reveals_a_marked_divergence_in_the_structure_of_belowground_microbial_communities_at_elevated_co2áecology_lettersá135:_564-575",NA,"@he_et_al_2010"
"biocon_c","bgb","antoninka_et_al_2011","antoninka_a_reich_pb_johnson_nc_2011_seven_years_of_carbon_dioxide_enrichment_nitrogen_fertilization_and_plant_diversity_influence_arbuscular_mycorrhizal_fungi_in_a_grassland_ecosystemánew_phytologistá1921:_200-214",NA,"@antoninka_et_al_2011"
"biocon_c","bgb","reich_et_al_2001a","reich_pb_tilman_d_craine_j_ellsworth_d_tjoelker_mg_knops_j_bengtson_w_et_al_2001_do_species_and_functional_groups_differ_in_acquisition_and_use_of_c_n_and_water_under_varying_atmospheric_co2_and_n_availability_regimes?_a_field_test_with_16_grassland_speciesánew_phytologistá1502:_435-448",NA,"@reich_et_al_2001a"
"biocon_c","bgb","tu_et_al_2017","tu_q_he_z_wu_l_xue_k_xie_g_chain_p_zhou_j_2017_metagenomic_reconstruction_of_nitrogen_cycling_pathways_in_a_co_2-enriched_grassland_ecosystemásoil_biology_and_biochemistryá106:_99-108",NA,"@tu_et_al_2017"
"biocon_c","bgb","reich_et_al_2001","reich_pb_knops_j_tilman_d_craine_j_ellsworth_d_tjoelker_m_et_al_2001_plant_diversity_enhances_ecosystem_responses_to_elevated_co2_and_nitrogen_deposition_nature_410_809-812",NA,"@reich_et_al_2001"
"biocon_c","anpp","adair_et_al_2009","adair_ec_reich_pb_hobbie_se_and_knops_jm_2009_interactive_effects_of_time_co2_n_and_diversity_on_total_belowground_carbon_allocation_and_ecosystem_carbon_storage_in_a_grassland_community_ecosystems_12_1037-1052",NA,"@adair_et_al_2009"
"biocon_c","agb","lau_et_al_2007","lau_ja_shaw_rg_reich_pb_shaw_rs_tiffin_p_2007_strong_ecological_but_weak_evolutionary_effects_of_elevated_co2_on_a_recombinant_inbred_population_of_arabidopsis_thaliana_new_phytologist_175:_351-362",NA,"@lau_et_al_2007"
"biocon_c","agb","lau_et_al_2009","lau_ja_tiffin_p_2009_elevated_carbon_dioxide_concentrations_indirectly_affect_plant_fitness_by_altering_plant_tolerance_to_herbivory_oecologia_161:_401-410",NA,"@lau_et_al_2009"
"biocon_c","agb","west_et_al_2005","west_jb_hillerislambers_j_lee_td_hobbie_se_reich_pb_2005_legume_species_identity_and_soil_nitrogen_supply_determine_symbiotic_nitrogen?fixation_responses_to_elevated_atmospheric_[co2]ánew_phytologistá1672:_523-530",NA,"@west_et_al_2005"
"biocon_c","vcmax","ali_et_al_2013","ali_aa_medlyn_be_crous_ky_reich_pb_2013_a_trait?based_ecosystem_model_suggests_that_long?term_responsiveness_to_rising_atmospheric_co2_concentration_is_greater_in_slow?growing_than_fast?growing_plantsáfunctional_ecologyá274:_1011-1022",NA,"@ali_et_al_2013"
"biocon_c","asat","tjoelker_et_al_2005","tjoelker_mg_craine_jm_wedin_d_reich_pb_tilman_d_2005_linking_leaf_and_root_trait_syndromes_among_39_grassland_and_savannah_speciesánew_phytologistá1672:_493-508",NA,"@tjoelker_et_al_2005"
"biocon_c","asat","lee_et_al_2001","lee_td_tjoelker_mg_ellsworth_ds_reich_pb_2001_leaf_gas_exchange_responses_of_13_prairie_grassland_species_to_elevated_co2_and_increased_nitrogen_supplyánew_phytologistá1502:_405-418",NA,"@lee_et_al_2001"
"biocon_c","asat","lee_et_al_2011","lee_td_barrott_sh_reich_pb_2011_photosynthetic_responses_of_13_grassland_species_across_11_years_of_free?air_co2_enrichment_is_modest_consistent_and_independent_of_n_supply_global_change_biology_179:_2893-2904",NA,"@lee_et_al_2011"
"biocon_c","asat","strengbom_and_reich_2006","strengbom_j_reich_pb_2006_elevated_[co_2]_and_increased_n_supply_reduce_leaf_disease_and_related_photosynthetic_impacts_on_solidago_rigida_oecologia_1493:_519-525",NA,"@strengbom_and_reich_2006"
"birmensdorf_a_c","bgb","hagedorn_et_al_2003","hagedorn_f_spinnler_d_bundt_m_blaser_p_siegwolf_r_2003_the_input_and_fate_of_new_c_in_two_forest_soils_under_elevated_co2_global_change_biology_9_862-872",NA,"@hagedorn_et_al_2003"
"birmensdorf_a_c","bgb","spinnler_et_al_2002","spinnler_d_egli_p_and_koerner_c_four-year_growth_dynamics_of_beech-spruce_model_ecosystems_under_co2_enrichment_on_two_different_forest_soils_trees_16_423-436_2002",NA,"@spinnler_et_al_2002"
"chaux-des-breuleux_c","agb","berendse_et_al_2001","berendse_f_et_al_raised_atmospheric_co2_levels_and_increased_n_deposition_cause_shifts_in_plant_species_composition_and_production_in_sphagnum_bogs_global_change_biol_7_591-598_2001",NA,"@berendse_et_al_2001"
"chaux-des-breuleux_c","bgb","hoosbeek_et_al_2001","hoosbeek_m_r_van_breemen_n_berendse_f_grosvernier_p_vasander_h_and_wallen_b_limited_effect_of_increased_atmospheric_co2_concentration_on_ombrotrophic_bog_vegetation_new_phytol_150_459-463_2001",NA,"@hoosbeek_et_al_2001"
"clermont_c","agb","bloor_et_al_2010","bloor_j_m_g_pichon_p_falcimagne_r_leadley_p_and_soussana_j_f_effects_of_warming_summer_drought_and_co2_enrichment_on_aboveground_biomass_production_flowering_phenology_and_community_structure_in_an_upland_grassland_ecosystems_13_888-900_2010",NA,"@bloor_et_al_2010"
"climaite_c","agb","andresen_et_al_2009","andresen_lc_michelsen_a_jonasson_s_beier_c_ambus_p_2009_glycine_uptake_in_heath_plants_and_soil_microbes_responds_to_elevated_temperature_co2_and_drought_acta_oecologica_35_786û796",NA,"@andresen_et_al_2009"
"climaite_c","agb","andresen_et_al_2010","andresen_lc_michelsen_a_ambus_p_beier_c_2010_belowground_heathland_responses_after_2_years_of_combined_warming_elevated_co2_and_summer_drought_biogeochemistry_101_27û42",NA,"@andresen_et_al_2010"
"climaite_c","agb","kongstad_et_al_2012","kongstad_j_schmidt_ik_riis-nielsen_t_arndal_mf_mikkelsen_tn_beier_c_2012_high_resilience_in_heathland_plants_to_changes_in_temperature_drought_and_co2_in_combination:_results_from_the_climaite_experiment_ecosystems_15_269û283",NA,"@kongstad_et_al_2012"
"climaite_c","bgb","dam_and_christensen_2015","dam_m_christensen_s_2015_defoliation_reduces_soil_biota_û_and_modifies_stimulating_effects_of_elevated_co2_ecol_evol_5:4840û4848_doi:_101002/ece31739",NA,"@dam_and_christensen_2015"
"climaite_c","bgb","arndal_et_al_2014","arndal_m_f_schmidt_i_k_kongstad_j_beier_c_and_michelsen_a_root_growth_and_n_dynamics_in_response_to_multi-year_experimental_warming_summer_drought_and_elevated_co2_in_a_mixed_heathland-grass_ecosystem_funct_plant_biol_41_1-10_2014",NA,"@arndal_et_al_2014"
"climaite_c","vcmax","boesgaard_and_ro-poulsen_2013","boesgaard_ks_ro-poulsen_h_2013_long-term_ecophysiological_responses_to_climate_change_phd_dissertation_kgs_lyngby:_technical_university_of_denmark",NA,"@boesgaard_and_ro-poulsen_2013"
"climaite_c","asat","albert_et_al_2011a","albert_kr_ro-poulsen_h_mikkelsen_tn_et_al_2011_effects_of_elevated_co2_warming_and_drought_episodes_on_plant_carbon_uptake_in_a_temperate_heath_ecosystem_are_controlled_by_soil_water_status_plant_cell_and_environment_34:1207û1222_doi:_101111/j136",NA,"@albert_et_al_2011a"
"climaite_c","root_production","arndal_et_al_2013a","arndal_mf_merrild_mp_michelsen_a_et_al_2013_net_root_growth_and_nutrient_acquisition_in_response_to_predicted_climate_change_in_two_contrasting_heathland_species_plant_and_soil_369:615û629_doi:_101007/s11104-013-1601-8",NA,"@arndal_et_al_2013a"
"climaite_c","root_production","arndal_et_al_2018","arndal_mf_tolver_a_larsen_ks_et_al_2018_fine_root_growth_and_vertical_distribution_in_response_to_elevated_co2_warming_and_drought_in_a_mixed_heathlandûgrassland_ecosystems_1û16_doi:_101007/s10021-017-0131-2",NA,"@arndal_et_al_2018"
"cper_c","agb","morgan_et_al_2004","morgan_j_a_et_al_co2_enhances_productivity_alters_species_composition_and_reduces_digestibility_of_shortgrass_steppe_vegetation_ecol_appl_14_208-219_2004",NA,"@morgan_et_al_2004"
"cper_c","agb","king_et_al_2004","king_j_et_al_plant_nitrogen_dynamics_in_shortgrass_steppe_under_elevated_atmospheric_carbon_dioxide_ecosystems_7_147-160_2004",NA,"@king_et_al_2004"
"cper_c","bgb","milchunas_et_al_2005","milchunas_d_et_al_root_production_and_tissue_quality_in_a_shortgrass_steppe_exposed_to_elevated_co2:_using_a_new_ingrowth_method_plant_soil_268_111-122_2005",NA,"@milchunas_et_al_2005"
"cper_c","gpp","bachman_et_al_2010","bachman_s_et_al_elevated_carbon_dioxide_alters_impacts_of_precipitation_pulses_on_ecosystem_photosynthesis_and_respiration_in_a_semi-arid_grassland_oecologia_162_791-802_2010",NA,"@bachman_et_al_2010"
"dri_c","bgb","johnson_et_al_1994","johnson_et_al_1994_soil_pco2_soil_respiration_and_root_activity_in_co2-fumigated_and_nitrogen-fertilized_ponderosa_pine_plant_and_soil_165_129-138",NA,"@johnson_et_al_1994"
"dri_c","bgb","phillips_et_al_2006","phillips_dl_johnson_mg_tingey_dt_storm_mj_ball_jt_johnson_dw_2006_co2_and_n-fertilization_effects_on_fine-root_length_production_and_mortality:_a_4-year_ponderosa_pine_study_oecologia_148_517-525",NA,"@phillips_et_al_2006"
"dri_c","bgb","walker_et_al_1997","walker_et_al_1997_elevated_atmospheric_co2_and_soil_n_fertility_effects_on_growth_mycorrhizal_colonization_and_xylem_water_potential_of_juvenile_ponderosa_pine_in_a_field_soil_plant_and_soil_195_25-36",NA,"@walker_et_al_1997"
"dri_c","bgb","vose_et_al_1995","vose_j_m_k_j_elliott_et_al_1995_""effects_of_elevated_co2_and_n_fertilization_on_soil_respiration_from_ponderosa_pine_pinus_ponderosa_in_open-top_chambers""_canadian_journal_of_forest_research-revue_canadienne_de_recherche_forestiere_25:_1243-1251",NA,"@vose_et_al_1995"
"dukeface_c","bgb","matamala_and_schlesinger_2000","matamala_and_schlesinger_2000_effects_of_elevated_atmospheric_co2_on_fine_root_production_and_activity_in_an_intact_temperate_forest_ecosystem_global_change_biology_6_967-979",NA,"@matamala_and_schlesinger_2000"
"dukeface_c","bgb","drake_et_al_2011","drake_je_gallet?budynek_a_hofmockel_ks_et_al_2011_increases_in_the_flux_of_carbon_belowground_stimulate_nitrogen_uptake_and_sustain_the_long?term_enhancement_of_forest_productivity_under_elevated_co2áecology_lettersá144:_349-357",NA,"@drake_et_al_2011"
"dukeface_c","bgb","hamilton_et_al_2002","hamilton_et_al_2002_forest_carbon_balance_under_elevated_co2_oecologia_131_250-260",NA,"@hamilton_et_al_2002"
"dukeface_c","bgb","jackson_et_al_2009","jackson_rb_cook_cw_pippen_js_palme_sm_2009_increased_belowground_biomass_and_soil_co2_fluxes_after_a_decade_of_carbon_dioxide_enrichment_in_a_warm?temperate_forestáecologyá9012:_3352-3366",NA,"@jackson_et_al_2009"
"dukeface_c","bgb","taylor_et_al_2014","taylor_b_n_et_al_root_length_biomass_tissue_chemistry_and_mycorrhizal_colonization_following_14_years_of_co2_enrichment_and_6_years_of_n_fertilization_in_a_warm_temperate_forest_tree_physiol_34_955-965_2014",NA,"@taylor_et_al_2014"
"dukeface_c","root_production","pritchard_et_al_2008","pritchard_sg_strand_ae_mccormack_ml_et_al_2008_fine_root_dynamics_in_a_loblolly_pine_forest_are_influenced_by_free-air-co2-enrichment:_a_six-year-minirhizotron_study_global_change_biology_14_588-602",NA,"@pritchard_et_al_2008"
"dukeface_c","root_production","phillips_et_al_2011","phillips_r_p_finzi_a_c_and_bernhardt_e_s_2011_enhanced_root_exudation_induces_microbial_feedbacks_to_n_cycling_in_a_pine_forest_under_long?term_co2_fumigationáecology_lettersá142_187-194",NA,"@phillips_et_al_2011"
"dukeface_c","leaf_n_mass","natali_et_al_2009","natali_sm_sanudo-wilhelmy_sa_lerdau_mt_2009_plant_and_soil_mediation_of_elevated_co2_impacts_on_trace_metals_ecosystems_12:_715-727",NA,"@natali_et_al_2009"
"dukeface_c","leaf_n_mass","hamilton_et_al_2004","hamilton_jg_zangeri_ar_berenbaum_mr_pippen_j_aldea_m_delucia_eh_2004_insect_herbivory_in_an_intact_forest_understory_under_experimental_co2_enrichment_oecologia_138:_566-573",NA,"@hamilton_et_al_2004"
"dukeface_c","leaf_n_mass","herrick_and_thomas_1998","herrick_jd_and_thomas_rb_1998_effects_of_co2_enrichment_on_the_photosynthetic_light_response_of_sun_and_shade_leaves_of_canopy_sweetgum_liquidambar_styraciflua_in_a_forest_ecosystem_tree_phsyiologu_19:_779-786",NA,"@herrick_and_thomas_1998"
"dukeface_c","leaf_n_mass","herrick_and_thomas_2003","herrick_jd_and_thomas_rb_2003_leaf_senescence_and_late-season_net_photosynthesis_of_sun_and_shade_leaves_of_overstory_sweetgum_liquidambar_styraciflua_grown_in_eevated_and_ambient_carbon_dioxide_concentrations_tree_physiology_23:_109-118",NA,"@herrick_and_thomas_2003"
"dukeface_c","leaf_n_mass","myers_et_al_1999","myers_da_thomas_rb_delucia_eh_1999_photosynthetic_capacity_of_loblolly_pine_pinus_taeda_l_trees_during_the_first_year_of_carbon_dioxide_enrichment_in_a_forest_ecosystem_plant_cell_and_environment_22:_473-481",NA,"@myers_et_al_1999"
"dukeface_c","leaf_n_mass","springer_and_thomas_2006","andrews_ja_schlesinger_wh_2001_soil_co2_dynamics_acidification_and_chemical_weathering_in_a_temperate_forest_with_experimental_co2_enrichment_global_biochemical_cycles_151:_149-162",NA,"@springer_and_thomas_2006"
"dukeface_c","leaf_n_mass","springer_et_al_2005","andrews_ja_schlesinger_wh_2001_soil_co2_dynamics_acidification_and_chemical_weathering_in_a_temperate_forest_with_experimental_co2_enrichment_global_biochemical_cycles_151:_149-162",NA,"@springer_et_al_2005"
"dukeface_c","vcmax","crous_and_ellsworth_2004","crous_ky_ellsworth_ds_2004_canopy_position_affects_photosynthetic_adjustments_to_a_long-term_elevated_co2_concentration_face_in_aging_needles_in_amature_pinus_taeda_forest_tree_physiology_24:_961-970",NA,"@crous_and_ellsworth_2004"
"dukeface_c","vcmax","naumburg_and_ellsworth_2000","andrews_ja_schlesinger_wh_2001_soil_co2_dynamics_acidification_and_chemical_weathering_in_a_temperate_forest_with_experimental_co2_enrichment_global_biochemical_cycles_151:_149-162",NA,"@naumburg_and_ellsworth_2000"
"dukeface_c","vcmax","ellsworth_et_al_2012","andrews_ja_schlesinger_wh_2001_soil_co2_dynamics_acidification_and_chemical_weathering_in_a_temperate_forest_with_experimental_co2_enrichment_global_biochemical_cycles_151:_149-162",NA,"@ellsworth_et_al_2012"
"dukeface_c","vcmax","maier_et_al_2008","maier_ca_palmroth_sward_e_2008_short-term_effects_of_fertilization_on_photosynthesis_and_leaf_morphology_of_field-grown_loblolly_pine_following_long-term_exposure_to_elevated_co2_concentrationátree_physiologyá284:_597-606",NA,"@maier_et_al_2008"
"dukeface_c","vcmax","paschalis_et_al_2016","paschalis_a_katul_gg_fatichi_s_palmroth_s_way_d_2017_on_the_variability_of_the_ecosystem_response_to_elevated_atmospheric_co_2_across_spatial_and_temporal_scales_at_the_duke_forest_face_experiment_agricultural_and_forest_meteorology_232:_367-383",NA,"@paschalis_et_al_2016"
"dukeface_c","agb","schnitzer_et_al_2008","andrews_ja_schlesinger_wh_2001_soil_co2_dynamics_acidification_and_chemical_weathering_in_a_temperate_forest_with_experimental_co2_enrichment_global_biochemical_cycles_151:_149-162",NA,"@schnitzer_et_al_2008"
"dukeface_c","agb","schlesinger_and_lichter_2001","schlesinger_wh_lichter_j_2001_limited_carbon_storage_in_soil_and_litter_of_experimental_forest_plots_under_increased_athmospheric_co2_nature_411:466-469",NA,"@schlesinger_and_lichter_2001"
"dukeface_c","agb","kim_et_al_2016","kim_d_oren_r_qian_ss_2016_response_to_co2_enrichment_of_understory_vegetation_in_the_shade_of_forestságlobal_change_biologyá222:_944-956",NA,"@kim_et_al_2016"
"dukeface_c","agb","mccarthy_et_al_2010","mccarthy_h_r_et_al_re-assessment_of_plant_carbon_dynamics_at_the_duke_free-air_co2_enrichment_site:_interactions_of_atmospheric_[co2]_with_nitrogen_and_water_availability_over_stand_development_new_phytol_185_514-528_2010",NA,"@mccarthy_et_al_2010"
"dukeface_c","agb","oishi_et_al_2014","oishi_ac_palmroth_s_johnsen_kh_mccarthy_hr_oren_r_2014_sustained_effects_of_atmospheric_[co2]_and_nitrogen_availability_on_forest_soil_co2_efflux_global_change_biology_204:_1146-1160",NA,"@oishi_et_al_2014"
"dukeface_c","agb","finzi_et_al_2006","finzi_ac_moore_djp_delucia_eh_et_al_2006_progressive_nitrogen_limitation_of_ecosystem_processes_under_elevated_co2_in_a_warm-temperate_forest_ecology_87_15-25",NA,"@finzi_et_al_2006"
"dukeface_c","anpp","schlesinger_et_al_2006","schlesinger_wh_bernhardt_es_delucia_eh_ellsworth_ds_finzi_ac_hendrey_gr_et_al_2006_the_duke_forest_face_experiment:_co_2_enrichment_of_a_loblolly_pine_forest_in_managed_ecosystems_and_co2_pp_197-212_springer_berlin_heidelberg",NA,"@schlesinger_et_al_2006"
"dukeface_c","asat","logan_et_al_2009","andrews_ja_schlesinger_wh_2001_soil_co2_dynamics_acidification_and_chemical_weathering_in_a_temperate_forest_with_experimental_co2_enrichment_global_biochemical_cycles_151:_149-162",NA,"@logan_et_al_2009"
"dukeface_c","gpp","schaefer_et_al_2003","schaefer_kvr_oren_r_ellsworth_ds_chun-ta_l_herrick_jd_finzi_ac_richter_dd_gabriel_kg_2003_exposure_to_a_enriched_co2_athmosphere_alters_carbon_assimilation_and_allocation_in_a_pine_forest_ecosystem_global_change_biology_9:1378-1400",NA,"@schaefer_et_al_2003"
"dukeface_c","leaf_n_area","finzi_et_al_2002","finzi_ac_delucia_eh_hamilton_jg_richter_dd_schlesinger_wh_2002_the_nitrogen_budget_of_a_pine_forest_under_free_air_co2_enrichment_oecologia_132_567-578",NA,"@finzi_et_al_2002"
"duolun7_c","gpp","an_experiment_conducted_by_dr_shiqiang_wan's_lab_for_more_experimental_information_see_song_et_al_2019_ecology_letters_22:458-468",NA,NA,NA
"dwingeloo_c","bgb","heijmans_et_al_2001b","hoosbeek_mr_van_breemen_n_vasander_h_buttler_a_berendse_f_2002_potassium_limits_potential_growth_of_bog_vegetation_under_elevated_atmospheric_co2_and_n_deposition_global_change_biology_8_1130-1138",NA,"@heijmans_et_al_2001b"
"dwingeloo_c","agb","heijmans_et_al_2001a","hoosbeek_mr_van_breemen_n_vasander_h_buttler_a_berendse_f_2002_potassium_limits_potential_growth_of_bog_vegetation_under_elevated_atmospheric_co2_and_n_deposition_global_change_biology_8_1130-1138",NA,"@heijmans_et_al_2001a"
"erdos_c","bgb","xu_et_al_2007","xu_z_zhou_g_and_wang_y_combined_effects_of_elevated_co2_and_soil_drought_on_carbon_and_nitrogen_allocation_of_the_desert_shrub_caragana_intermedia_plant_soil_301_87-97_2007",NA,"@xu_et_al_2007"
"eth_face_c","bgb","ineson_et_al_1996","ineson_p_cotrufo_mf_bol_r_harkness_dd_blum_h_1996_quantification_of_soil_carbon_inputs_under_elevated_co2:c-3_plants_in_a_c-4_soil_plant_and_soil_187_345-350",NA,"@ineson_et_al_1996"
"eucface_c","vcmax","pathare_et_al_2017","pathare_vs_crous_ky_cooke_j_creek_d_ghannoum_o_ellsworth_ds_2017_water_availability_affects_seasonal_co2-induced_photosynthetic_enhancement_in_herbaceous_species_in_a_periodically_dry_woodland_glob_change_biol_23:5164û5178",NA,"@pathare_et_al_2017"
"eucface_c","leaf_n_mass","gherlenda_et_al_2016","gherlenda_an_crous_ky_moore_bd_haigh_am_johnson_sn_riegler_m_2016_precipitation_not_co2_enrichment_drives_insect_herbivore_frass_deposition_and_subsequent_nutrient_dynamics_in_a_mature_eucalyptus_woodland_plant_soil_399:29û39",NA,"@gherlenda_et_al_2016"
"eucface_c","gpp","jiang_et_al_2020","jiang_m_medlyn_b_e_drake_j_e_duursma_r_a_anderson_i_c_barton_c_v_m_boer_m_m_carrillo_y_casta±eda-g¾mez_l_collins_l_crous_k_y_de_kauwe_m_g_emmerson_k_m_facey_s_l_gherlenda_a_n_gimeno_t_e_hasegawa_s_johnson_s_n_macdonald_c_a_à_ellsworth_d_s_2020_the_fate_of_carbon_in_a_mature_forest_under_carbon_dioxide_enrichment_nature_580_227-231",NA,"@jiang_et_al_2020"
"euroface_pa_c","bgb","lukac_et_al_2003","lukac_et_al_2003_production_turnover_and_mycorrhizal_colonization_of_root_systems_of_three_populus_species_grown_under_elevated_co2_popface_global_change_biology_9_838-848",NA,"@lukac_et_al_2003"
"euroface_pa_c","bgb","liberloo_et_al_2006","liberloo_et_al_2006_woody_biomass_production_during_the_second_rotation_of_a_bio-energy_populus_plantation_increases_in_a_future_high_co2_world_global_change_biology_2006_12_1094û1106",NA,"@liberloo_et_al_2006"
"euroface_pa_c","bgb","gielen_et_al_2005","gielen_et_al_2005_net_carbon_storage_in_a_poplar_plantation_popface_after_three_years_of_free-air_co2_enrichment_tree_physiology_25_1399-1408",NA,"@gielen_et_al_2005"
"euroface_pa_c","bgb","calfapietra_et_al_2003","calfapietra_et_al_2003_free-air_co2_enrichment_face_enhances_biomass_production_in_a_short-rotation_poplar_plantation_tree_physiology_23_805-814",NA,"@calfapietra_et_al_2003"
"euroface_pa_c","lai","gielen_et_al_2001","gielen_b_calfapietra_c_sabatti_m_ceulemans_r_2001_leaf_area_dynamics_in_a_closed_poplar_plantation_under_free-air_carbon_dioxide_enrichment_tree_physiol_21:1245û1255",NA,"@gielen_et_al_2001"
"euroface_pa_c","agb","liberloo_et_al_2005","liberloo_m_dillen_sy_calfapietra_c_et_al_2005_elevated_co2_concentration_fertilization_and_their_interaction:_growth_stimulation_in_a_short-rotation_poplar_coppice_euroface_tree_physiol_25:179û189",NA,"@liberloo_et_al_2005"
"euroface_pa_c","vcmax","hovenden_2003","hovenden_mj_2003_photosynthesis_of_coppicing_poplar_clones_in_a_free-air_co2_enrichment_face_experiment_in_a_short-rotation_forest_functional_plant_biol_30:391û400_doi:_101071/fp02233",NA,"@hovenden_2003"
"euroface_pa_c","vcmax","liberloo_et_al_2007","liberloo_m_tulva_i_ra´m_o_et_al_2007_photosynthetic_stimulation_under_long-term_co2_enrichment_and_fertilization_is_sustained_across_a_closed_populus_canopy_profile_euroface_new_phytologist_173:537û549_doi:_101111/j1469-8137200601926x",NA,"@liberloo_et_al_2007"
"euroface_pa_c","vcmax","bernacchi_et_al_2003","bernacchi_cj_calfapietra_c_davey_pa_wittig_ve_scarascia-mugnozza_ge_raines_ca_long_sp_2003_photosynthesis_and_stomatal_conductance_responses_of_poplars_to_free-air_co2_enrichment_popface_during_the_first_growth_cycle_and_immediately_following_co",NA,"@bernacchi_et_al_2003"
"euroface_pa_c","vcmax","wittig_et_al_2005","wittig_ve_bernacchi_cj_zhu_x-g_calfapietra_c_ceulemans_r_deangelis_p_gielen_b_miglietta_f_morgan_pb_long_sp_2005_gross_primary_production_is_stimulated_for_three_populus_species_grown_under_free-air_co2_enrichment_from_planting_through_canopy_c",NA,"@wittig_et_al_2005"
"euroface_pa_c","anpp","liberloo_et_al_2004","liberloo_m_gielen_b_calfapietra_c_veys_c_pigliacelli_r_scarascia-mugnozza_g_ceulemans_r_2004_growth_of_a_poplar_short_rotation_coppice_under_elevated_atmospheric_co2_concentrations_euroface_depends_on_fertilization_and_species_ann_for_sci_61:29",NA,"@liberloo_et_al_2004"
"euroface_pa_c","leaf_n_mass","gielen_et_al_2003a","gielen_b_liberloo_m_bogaert_j_calfapietra_c_de_angalis_p_miglietta_f_scarascia-mugnozza_g_ceulemans_r_2003_three_years_of_free-air_co2_enrichment_popface_only_slightly_affect_profiles_of_light_and_leaf_characteristics_in_closed_canopies_of_popu",NA,"@gielen_et_al_2003a"
"euroface_pa_c","leaf_n_mass","tricker_et_al_2004","tricker_pj_calfapietra_c_kuzminsky_e_puleggi_r_ferris_r_nathoo_m_pleasants_lj_alston_v_de_angelis_p_taylor_g_2004_long-term_acclimation_of_leaf_production_development_longevity_and_quality_following_3áyr_exposure_to_free-air_co2_enrichment_du",NA,"@tricker_et_al_2004"
"euroface_pe_c","vcmax","calfapietra_et_al_2004","calfapietra_c_tulva_i_eensalu_e_perez_m_de_angelis_p_scarascia-mugnozza_g_kull_o_2005_canopy_profiles_of_photosynthetic_parameters_under_elevated_co2_and_n_fertilization_in_a_poplar_plantation_environmental_pollution_137:525û535",NA,"@calfapietra_et_al_2004"
"euroface_pe_c","asat","tricker_et_al_2005","tricker_pj_trewin_h_kull_o_clarkson_gjj_eensalu_e_tallis_mj_colella_a_doncaster_cp_sabatti_m_taylor_g_2005_stomatal_conductance_and_not_stomatal_density_determines_the_long-term_reduction_in_leaf_transpiration_of_poplar_in_elevated_co2_oecolog",NA,"@tricker_et_al_2005"
"euroface_pn_c","leaf_n_mass","luo_et_al_2008","bernacchi_cj_calfapietra_c_davey_pa_wittig_ve_scarascia-mugnozza_ge_raines_ca_long_sp_2003_photosynthesis_and_stomatal_conductance_responses_of_poplars_to_free-air_co2_enrichment_popface_during_the_first_growth_cycle_and_immediately_following_co",NA,"@luo_et_al_2008"
"euroface_pooled_c","bgb","liberloo_et_al_2009","liberloo_m_lukac_m_calfapietra_c_et_al_2009_coppicing_shifts_co2_stimulation_of_poplar_productivity_to_above-ground_pools:_a_synthesis_of_leaf_to_stand_level_results_from_the_pop/euroface_experiment_new_phytologist_182:331û346_doi:_101111/j1469-8",NA,"@liberloo_et_al_2009"
"euroface_pooled_c","bgb","lagomarsino_et_al_2013","lagomarsino_a_lukac_m_godbold_d_l_marinari_s_and_angelis_p_drivers_of_increased_soil_respiration_in_a_poplar_coppice_exposed_to_elevated_co2_plant_soil_362_93-106_2013",NA,"@lagomarsino_et_al_2013"
"euroface_pooled_c","bgb","lagomarsino_et_al_2009","lagomarsino_a_de_angelis_p_moscatelli_m_c_and_grego_s_2009_the_influence_of_temperature_and_labile_c_substrates_on_heterotrophic_respiration_in_response_to_elevated_co2_and_nitrogen_fertilization_plant_and_soil_3171û2_223û234_https://doiorg/101007/s11104-008-9804-0",NA,"@lagomarsino_et_al_2009"
"for_32.6_-85.5_c","agb","pritchard_et_al_2001",NA,NA,NA
"giface_c","agb","lenhart_2008","lenhart_k_2008_the_effects_of_long-term_free_air_co2_enrichment_face_on_soil_aggregation_soil_carbon_input_and_ecosystem_co2_dynamics_in_a_temperate_grassland_ecosystem_phd_dissertation_justus-liebig-universitaet_gie▀en_gie▀en_134_pp",NA,"@lenhart_2008"
"giface_c","agb","haworth_et_al_2016","haworth_m_moser_g_raschi_a_kammann_c_gruenhage_l_mueller_c_2016_carbon_dioxide_fertilisation_and_supressed_respiration_induce_enhanced_spring_biomass_production_in_a_mixed_species_temperate_meadow_exposed_to_moderate_carbon_dioxide_enrichment_functional_plant_biology_43_26û39",NA,"@haworth_et_al_2016"
"giface_c","agb","kammann_et_al_2005","kammann_c_gruenhage_l_grueters_u_janze_s_jaeger_h-j_2005_response_of_aboveground_grassland_biomass_and_soil_moisture_to_moderate_long-term_co2_enrichment_basic_and_applied_ecology_6_351û365",NA,"@kammann_et_al_2005"
"glencorse_c","agb","rey_and_jarvis_1997","rey_a_jarvis_pg_1997_growth_response_of_young_birch_trees_betula_pendula_roth_after_four_and_a_half_years_of_co2_exposure_annals_of_botany_80_809-816",NA,"@rey_and_jarvis_1997"
"guangzhou_c","asat","liu_et_al_2011","liu_j_et_al_photosynthesis_acclimation_leaf_nitrogen_concentration_and_growth_of_four_tree_species_over_3_years_in_response_to_elevated_carbon_dioxide_and_nitrogen_treatment_in_subtropical_china_j_soils_sediments_2011_11:1155û1164",NA,"@liu_et_al_2011"
"hohenheimface_2006_c","anpp","hoegy_et_al_2010","hoegy_p_keck_m_niehaus_k_franzaring_j_and_fangmeier_a_2010_effects_of_atmospheric_co2_enrichment_on_biomass_yield_and_low_molecular_weight_metabolites_in_wheat_grain_journal_of_cereal_science_522_215û220_https://doiorg/101016/jjcs201005009",NA,"@hoegy_et_al_2010"
"horsham_face10d_c","asat","tausz-posch_et_al_2013a","tausz-posch_s_seneweera_s_norton_rm_fitzgerald_gj_tausz_m_2012_can_a_wheat_cultivar_with_high_transpiration_efficiency_maintain_its_yield_advantage_over_a_near-isogenic_cultivar_under_elevated_co2?_field_crops_research_133_160û166",NA,"@tausz-posch_et_al_2013a"
"horsham_face10h45_c","leaf_n_area","tausz-posch_et_al_2015","tausz-posch_s_dempsey_rw_seneweera_s_norton_rm_fitzgerald_g_tausz_m_2015_does_a_freely_tillering_wheat_cultivar_benefit_more_from_elevated_co2_than_a_restricted_tillering_cultivar_in_a_water-limited_environment?_european_journal_of_agronomy_64_21û28",NA,"@tausz-posch_et_al_2015"
"horsham_face10h45_c","leaf_n_area","thilakarathne_et_al_2014","thilakarathne_cl_tausz-posch_s_cane_k_norton_rm_fitzgerald_gj_tausz_m_seneweera_s_2014_intraspecific_variation_in_leaf_growth_of_wheat_triticum_aestivum_under_australian_grain_free_air_co2_enrichment_agface:_is_it_regulated_through_carbon_and/",NA,"@thilakarathne_et_al_2014"
"horsham_face10h45_c","anpp","thilakarathne_et_al_2015","thilakarathne_c_l_tausz-posch_s_cane_k_norton_r_m_fitzgerald_g_j_tausz_m_and_seneweera_s_2015_intraspecific_variation_in_leaf_growth_of_wheat_triticum_aestivum_under_australian_grain_free_air_co2_enrichment_agface:_is_it_regulated_through_carbon_and/or_nitrogen_supply?_functional_plant_biology_423_299û308_https://doiorg/101071/fp14125",NA,"@thilakarathne_et_al_2015"
"horsham_face13s_c","agb","houshmandfar_et_al_2016","houshmandfar_a_fitzgerald_gj_macabuhay_aa_armstrong_r_tausz-posch_s_loew_m_tausz_m_2016_trade-offs_between_water-use_related_traits_yield_components_and_mineral_nutrition_of_wheat_under_free-air_co2_enrichment_face_european_journal_of_agronomy",NA,"@houshmandfar_et_al_2016"
"horsham_face14s_c","agb","bahrami_et_al_2017","bahrami_h_de_kok_lj_armstrong_r_fitzgerald_gj_bourgault_m_henty_s_tausz_m_tausz-posch_s_2017_the_proportion_of_nitrate_in_leaf_nitrogen_but_not_changes_in_root_growth_are_associated_with_decreased_grain_protein_in_wheat_under_elevated_[co2]_jo",NA,"@bahrami_et_al_2017"
"horsham_face9yn_c","anpp","lam_et_al_2013","lam_s_k_chen_d_norton_r_and_armstrong_r_2013_the_effect_of_elevated_atmospheric_carbon_dioxide_concentration_on_the_contribution_of_residual_legume_and_fertilizer_nitrogen_to_a_subsequent_wheat_crop_plant_and_soil_3641û2_81û91_https://doiorg/101007/s11104-012-1314-4",NA,"@lam_et_al_2013"
"ipe_otc_cambisol_c","anpp","schutz_and_fangmeier_2001","schutz_m_and_fangmeier_a_2001_growth_and_yield_responses_of_spring_wheat_triticum_aestivum_l_cv_minaret_to_elevated_co2_and_water_limitation_environmental_pollution_114_187-194",NA,"@schutz_and_fangmeier_2001"
"jrbp_face_c","anpp","dukes_et_al_2005","dukes_j_s_et_al_responses_of_grassland_production_to_single_and_multiple_global_environmental_changes_plos_biol_3_1829-1837_2005",NA,"@dukes_et_al_2005"
"jrbp_face_c","anpp","henry_et_al_2006","henry_h_a_l_chiariello_n_r_vitousek_p_m_mooney_h_a_and_field_c_b_interactive_effects_of_fire_elevated_carbon_dioxide_nitrogen_deposition_and_precipitation_on_a_california_annual_grassland_ecosystems_9_1066-1075_2006",NA,"@henry_et_al_2006"
"jrbp_face_c","anpp","zavaleta_et_al_2003","zavaleta_es_shaw_mr_chiariello_nr_thomas_bd_cleland_ee_field_cb_et_al_2003_grassland_responses_to_three_years_of_elevated_temperature_co2_precipitation_and_n_deposition_ecological_monographs_73_585-604",NA,"@zavaleta_et_al_2003"
"jrbp_face_c","bgb","shaw_et_al_2002","shaw_m_r_zavaleta_e_s_chiariello_n_r_cleland_e_e_mooney_h_a_and_field_c_b_2002_grassland_responses_to_global_environmental_changes_suppressed_by_elevated_co2_science_2985600_1987û1990_https://doiorg/101126/science1075312",NA,"@shaw_et_al_2002"
"jrbp_face_c","agb","henry_et_al_2005","interactive_effects_of_elevated_co2_n_deposition_and_climate_change_on_plant_litter_quality_in_a_california_annual_grassland_oecologia_2005_142:_465û473",NA,"@henry_et_al_2005"
"jrbp_otc_c","bgb","hungate_et_al_1997","hungate_b_a_lund_c_p_pearson_h_l_and_chapin_f_s_elevated_co2_and_nutrient_addition_alter_soil_n_cycling_and_n_trace_gas_fluxes_with_early_season_wet-up_in_a_california_annual_grassland_biogeochemistry_37_89-109_1997",NA,"@hungate_et_al_1997"
"jrbp_otc_c","bgb","moore_and_field_2006","dukes_js_field_cb_2000_diverse_mechanisms_for_co2_effects_on_grassland_litter_decomposition_global_change_biology_6_145-154",NA,"@moore_and_field_2006"
"jrbp_otc_c","bgb","jackson_and_reynolds_1996","jackson_r_b_and_reynolds_h_l_nitrate_and_ammonium_uptake_for_single_and_mixed-species_communties_grown_at_elevated_co2_oecologia_105_74-80_1996",NA,"@jackson_and_reynolds_1996"
"jrbp_otc_c","bgb","higgins_et_al_2002","higgins_p_a_t_jackson_r_b_rosiers_j_m_d_and_field_c_b_root_production_and_demography_in_a_california_annual_grassland_under_elevated_atmospheric_carbon_dioxide_global_change_biol_8_841-850_2002",NA,"@higgins_et_al_2002"
"jrbp_otc_c","agb","jackson_et_al_1995","jackson_r_b_luo_y_cardon_z_g_sala_o_e_field_c_b_and_mooney_h_a_1995_photosynthesis_growth_and_density_for_the_dominant_species_in_a_co2-enriched_grassland_journal_of_biogeography_222û3_221û225_https://doiorg/102307/2845914",NA,"@jackson_et_al_1995"
"jrbp_otc2sand_c","bgb","rillig_et_al_1999","rillig_et_al_1999_soil_biota_responses_to_long-term_atmospheric_co2_enrichment_in_two_california_annual_grasslands_oecologia_119_572-577",NA,"@rillig_et_al_1999"
"jrbp_otcsand_c","root_shoot_ratio","cardon_et_al_2001","cardon_et_al_2001_contrasting_effects_of_elevated_co2_on_old_and_new_soil_carbon_pools_soil_biology_and_biochemistry_33_365-373",NA,"@cardon_et_al_2001"
"maricopaface_cotton89_c","agb","wood_et_al_1994","hileman_d_r_huluka_g_kenjige_p_k_sinha_n_bhattacharya_n_c_biswas_p_k__and_hendrey_g_r_1994_canopy_photosynthesis_and_transpiration_of_field-grown_cotton_exposed_to_free-air_co2_enrichment_face_and_differential_irrigationáagricultural_and_forest_meteorologyá701-4_189-207",NA,"@wood_et_al_1994"
"maricopaface_cotton91_c","lai","mauney_et_al_1994","bhattacharya_n_c_radin_j_w_kimball_b_a_mauney_j_r_hendrey_g_r_nagy_j__and_ponce_d_c_1994_leaf_water_relations_of_cotton_in_a_free-air_co2-enriched_environmentáagricultural_and_forest_meteorologyá701-4_171-182",NA,"@mauney_et_al_1994"
"maricopaface_sorghum_cotton99_hd_c","agb","derner_et_al_2003","derner_j_d_johnson_h_b_kimball_b_a_pinter_jr_p_j_polley_h_w_tischler_c_r__and_leavitt_s_w_2003_above?and_below?ground_responses_of_c3ûc4_species_mixtures_to_elevated_co2_and_soil_water_availabilityáglobal_change_biologyá93_452-460",NA,"@derner_et_al_2003"
"maricopaface_sorghum98_c","agb","grant_et_al_2004","grant_r_f_kimball_b_a_wall_g_w_triggs_j_m_brooks_t_j_pinter_p_j__and_thompson_t_l_2004_modeling_elevated_carbon_dioxide_effects_on_water_relations_water_use_and_growth_of_irrigated_sorghumáagronomy_journalá966_1693-1705",NA,"@grant_et_al_2004"
"maricopaface_sorghum98_c","agb","ottman_et_al_2000","cheng_l_leavitt_s_w_kimball_b_a_pinter_jr_p_j_ottman_m_j_matthias_a__and_thompson_t_l_2007_dynamics_of_labile_and_recalcitrant_soil_carbon_pools_in_a_sorghum_free-air_co2_enrichment_face_agroecosystemásoil_biology_and_biochemistryá399_2250-2263",NA,"@ottman_et_al_2000"
"maricopaface_sorghum98_c","agb","ottman_et_al_2001","ottman_m_j_kimball_b_a_pinter_p_j_wall_g_w_vanderlip_r_l_leavitt_s_w__and_brooks_t_j_2001_elevated_co2_increases_sorghum_biomass_under_drought_conditionsánew_phytologistá1502_261-273",NA,"@ottman_et_al_2001"
"maricopaface_sorghum98_c","agb","conley_et_al_2001","conley_m_m_kimball_b_a_brooks_t_j_pinter_jr_p_j_hunsaker_d_j_wall_g_w__and_leavitt_s_w_2001_co2_enrichment_increases_water?use_efficiency_in_sorghumánew_phytologistá1512_407-412",NA,"@conley_et_al_2001"
"maricopaface_wheat93_c","agb","tubiello_et_al_1999","adamsen_et_al_2005_temporal_changes_in_soil_and_biomass_nitrogen_for_irrigated_wheat_grown
under_free-air_carbon_dioxide_enrichment_face_agron_j_97:160û168_2005",NA,"@tubiello_et_al_1999"
"maricopaface_wheat93_c","agb","grossman-clarke_et_al_2001","grossman?clarke_s__pinter_p_j_kartschall_t__kimball_b_a_hunsaker_d_j_wall_g_w_garcia__r_and_lamorte_r_l_2001_
modelling_a_spring_wheat_crop_under_elevated_co2_and_drought_new_phytologist_150:_315-335_doi:101046/j1469-8137200100098x",NA,"@grossman-clarke_et_al_2001"
"maricopaface_wheat93_c","agb","asseng_et_al_2004","adamsen_et_al_2005_temporal_changes_in_soil_and_biomass_nitrogen_for_irrigated_wheat_grown
under_free-air_carbon_dioxide_enrichment_face_agron_j_97:160û168_2005",NA,"@asseng_et_al_2004"
"maricopaface_wheat93_c","agb","kimball_et_al_1995","kimball_b_a_pinter_jr_p_j_lamorte_r_l_leavitt_s_w_hunsaker_d_j_wall_g_w_à_white_j_w_2017_data_from_the_{arizona}_{face}_{free}-{air}_{co}2_{enrichment}_{experiments}_on_{wheat}_at_{ample}_and_{limiting}_{levels}_of_{water}_and_{nitrogen}_open_data_journal_for_agricultural_research_31_https://doiorg/1018174/odjarv3i115826",NA,"@kimball_et_al_1995"
"maricopaface_wheat93_c","agb","wall_et_al_2006","wall_gw_garcia_rl_kimball_ba_hunsaker_dj_long_sp_osborne_cp_pinter_pj_jr_hendrix_dl_wechsung_f_wechsung_g_lamorte_rl_and_idso_sb_interactive_effects_of_elevated_co2_and_drought_on_wheat_agronomy_j_98:354-381_2006_doi:_102134/agronj20040085",NA,"@wall_et_al_2006"
"maricopaface_wheat93_c","lai","grossman-clarke_et_al_1999","adamsen_et_al_2005_temporal_changes_in_soil_and_biomass_nitrogen_for_irrigated_wheat_grown
under_free-air_carbon_dioxide_enrichment_face_agron_j_97:160û168_2005",NA,"@grossman-clarke_et_al_1999"
"maricopaface_wheat93_c","leaf_n_mass","sinclair_et_al_2000","leaf_nitrogen_concentration_of_wheat_subjected_to_elevated_co2_and_either_water_or_n_deficitsö_agriculture_ecosystems_and_the_environment_79:53-60_2000_sinclair_tr_pj_pinter_jr_ba_kimball_fj_adamsen_rl_lamorte_gw_wall_dj_hunsaker_nr_adam_tj_brooks_rl_garcia_t_thompson_s_leavitt_and_a_matthias_",NA,"@sinclair_et_al_2000"
"maricopaface_wheat93_c","anpp","wall_et_al_2001","wall_g_w_2001_elevated_atmospheric_{co}2_alleviates_drought_stress_in_wheat_agriculture_ecosystems_and_environment_873_261û271_https://doiorg/101016/s0167-88090100170-0",NA,"@wall_et_al_2001"
"maricopaface_wheat94_c","lai","manunta_et_al_2002","asseng_et_al_2004_simulated_wheat_growth_affected_by_rising_temperature
increased_water_deficit_and_elevated_atmospheric_co2_field_crops_research_85_2004_85û102",NA,"@manunta_et_al_2002"
"maricopaface_wheat94_c","lai","pinter_et_al_2000","pinter_jr_p_j_kimball_b_a_wall_g_w_lamorte_r_l_hunsaker_d_j_adamsen_f_j_frumau_k_f_a_vugts_h_f_hendrey_g_r_lewin_k_f_nagy_j_johnson_h_b_wechsung_f_leavitt_s_w_thompson_t_l_matthias_a_d_and_brooks_t_j_free-air_co2_enrichment_face:_blower_effects_on_wheat_canopy_microclimate_and_plant_development_agricultural_and_forest_meteorology_103:319-332_2000",NA,"@pinter_et_al_2000"
"maricopaface_wheat94_c","agb","aggeng_et_al_2004","asseng_et_al_2004_simulated_wheat_growth_affected_by_rising_temperature
increased_water_deficit_and_elevated_atmospheric_co2_field_crops_research_85_2004_85û102",NA,"@aggeng_et_al_2004"
"mbs_pe_c","agb","pregitzer_et_al_1995","pregitzer_et_al_1995_atmospheric_co2_soil-nitrogen_and_turnover_of_fine_roots_new_phytologist_129_579-585",NA,"@pregitzer_et_al_1995"
"mbs_pt_c","agb","mikan_et_al_2000","mikan_et_al_2000_combined_effects_of_atmospheric_co2_and_n_availability_on_the_belowground_carbon_and_nitrogen_dynamics_of_aspen_mesocosms_oecologia_124_432-445",NA,"@mikan_et_al_2000"
"mbs_pt2_c","bgb","pregitzer_et_al_2000","pregitzer_et_al_2000_interactive_effects_of_atmospheric_co2_and_soil-n_availability_on_fine_roots_of_populus_tremuloides_ecological_applications_10_18-33",NA,"@pregitzer_et_al_2000"
"mi_c","agb","dijkstra_et_al_2002","dijkstra_p_hymus_g_colavito_d_et_al_2002_elevated_atmospheric_co2_stimulates_aboveground_biomass_in_a_fire-regenerated_scrub-oak_ecosystem_global_change_biology_8_90-103",NA,"@dijkstra_et_al_2002"
"mi_c","agb","day_et_al_2013","day_f_p_et_al_the_effects_of_11_yr_of_co2_enrichment_on_roots_in_a_florida_scrub-oak_ecosystem_new_phytol_200_778-787_2013",NA,"@day_et_al_2013"
"mi_c","agb","hungate_et_al_2013","hungate_b_a_dijkstra_p_wu_z_duval_b_d_day_f_p_johnson_d_w_à_garland_j_l_2013_cumulative_response_of_ecosystem_carbon_and_nitrogen_stocks_to_chronic_co2_exposure_in_a_subtropical_oak_woodland_new_phytologist_2003_753û766_https://doiorg/101111/nph12333",NA,"@hungate_et_al_2013"
"mi_c","bgb","brown_et_al_2007","brown_et_al_2007_root_biomass_and_nutrient_dynamics_in_a_scrub-oak_ecosystem_under_the_influence_of_elevated_atmospheric_co2_plant_and_soil_292_219-232",NA,"@brown_et_al_2007"
"mi_c","bgb","brown_et_al_2009","brown_a_l_day_f_p_and_stover_d_b_fine_root_biomass_estimates_from_minirhizotron_imagery_in_a_shrub_ecosystem_exposed_to_elevated_co2_plant_soil_317_145-153_2009",NA,"@brown_et_al_2009"
"mi_c","bgb","langley_et_al_2003","brown_et_al_2007_root_biomass_and_nutrient_dynamics_in_a_scrub-oak_ecosystem_under_the_influence_of_elevated_atmospheric_co2_plant_and_soil_292_219-232",NA,"@langley_et_al_2003"
"nantuna_c","agb","marissink_et_al_2002","marissink_et_al_2002_above-ground_plant_production_under_elevated_carbon_dioxide_in_a_swedish_semi-natural_grassland_agriculture_ecosystems_and_environment_93_107-120",NA,"@marissink_et_al_2002"
"nantuna_c","bgb","sindhoj_et_al_2006","marissink_et_al_2002_above-ground_plant_production_under_elevated_carbon_dioxide_in_a_swedish_semi-natural_grassland_agriculture_ecosystems_and_environment_93_107-120",NA,"@sindhoj_et_al_2006"
"nevada_desert_face_c","agb","smith_et_al_2014","smith_s_d_et_al_long-term_response_of_a_mojave_desert_winter_annual_plant_community_to_a_whole-ecosystem_atmospheric_co2_manipulation_face_global_change_biol_20_879-892_2014",NA,"@smith_et_al_2014"
"nevada_desert_face_c","agb","housman_et_al_2006","housman_d_c_naumburg_e_huxman_te_charlet_tn_nowak_rs_smith_sd_2006_increase_in_desert_shrub_produvtivity_under_elevated_carbon_dioxide_vary_with_water_availability_ecosystems_9:_374-385",NA,"@housman_et_al_2006"
"nevada_desert_face_c","agb","newingham_et_al_2013","newingham_ba_vanier_ch_charlet_tn_ogle_k_smith_sd_nowak_rs_2013_no_cumulative_effect_of_10_years_of_elevated_[co2]_on_perennial_plant_biomass_components_in_the_mojave_desert_global_change_biology_19:_2168-2181
",NA,"@newingham_et_al_2013"
"nevada_desert_face_c","agb","smith_et_al_2000","smith_sd_huxman_te_zitzer_sf_charlet_tn_housman_dc_coleman_js_fenstermaker_lk_seemann_jr_nowak_rs_2000_elevated_co2_increases_productivity_and_invasive_species_success_in_an_arid_ecosystem_nature_408:79û82",NA,"@smith_et_al_2000"
"nevada_desert_face_c","agb","evans_et_al_2014","evans_r_d_koyama_a_sonderegger_d_l_charlet_t_n_newingham_b_a_fenstermaker_l_f_à_nowak_r_s_2014_greater_ecosystem_carbon_in_the_mojave_desert_after_ten_years_exposure_to_elevated_co_2_nature_climate_change_45_394û397_https://doiorg/101038/nclimate2184",NA,"@evans_et_al_2014"
"nevada_desert_face_c","vcmax","huxman_and_smith_2001","huxman_te_smith_sd_2001_photosynthesis_in_an_invasive_grass_and_native_forb_at_elevated_co<subscript>2</subscript>_during_an_el_nino_year_in_the_mojave_desert_oecologia_128:193û201",NA,"@huxman_and_smith_2001"
"nevada_desert_face_c","vcmax","naumburg_et_al_2003","naumburg_e_housman_dc_huxman_te_charlet_tn_loik_me_smith_sd_2003_photosynthetic_responses_of_mojave_desert_shrubs_to_free_air_co2_enrichment_are_greatest_during_wet_years_global_change_biology_9:_276-285",NA,"@naumburg_et_al_2003"
"nevada_desert_face_c","vcmax","aranjuelo_et_al_2011","aranjuelo_i_ebbets_al_evans_rd_tissue_dt_nogues_s_van_gestel_npayton_p_ebbert_v_adams_ww_nowak_rs_smith_sd_2011_maintenance_of_c_sinks_sustains_enhanced_c_assimilation_during_long-term_exposure_to_elevated_[co2]_in_mojave_desert_shrubs_oecologia_167:_339-354",NA,"@aranjuelo_et_al_2011"
"nevada_desert_face_c","asat","hamerlynck_et_al_2000","hamerlynck_ep_huxman_te_nowak_rs_redar_s_loik_me_jordan_dn_zitzer_sf_coleman_js_seemann_jr_smith_sd_2000_photosynthetic_responses_of_larrea_tridentata_to_a_step-increase_in_atmospheric_co2at_the_nevada_desert_face_facility_journal_of_arid_envi",NA,"@hamerlynck_et_al_2000"
"nevada_desert_face_c","leaf_cn","billings_et_al_2003","billings_sa_zitzer_sf_weatherly_h_schaeffer_sm_charlet_t_arnone_ja_evans_rd_2003_effects_of_elevated_carbon_dioxide_on_green_leaf_tissue_and_leaf_litter_quality_in_an_intact_mojave_desert_ecosystem_global_change_biology_9:_729-735",NA,"@billings_et_al_2003"
"nevada_desert_face_c","leaf_n_mass","billings_et_al_2004","billings_sa_schaeffer_sm_2004_soil_microbial_activity_and_n_availability_with_elevated_co2_in_mojave_desert_soils_global_biogeochemical_cycles_18_gb1011",NA,"@billings_et_al_2004"
"new_zealand_face_c","anpp","ross_et_al_2004","ross_dj_newton_pcd_tate_kr_2004_elevated_[co2]_effects_on_herbage_production_and_soil_carbon_and_nitrogen_pools_and_mineralization_in_a_species-rich_grazed_pasture_on_a_seasonally_dry_sand_plant_and_soil_260_183û196",NA,"@ross_et_al_2004"
"new_zealand_face_c","anpp","ross_et_al_2013","ross_dj_newton_pcd_tate_kr_luo_d_2013_impact_of_a_low_level_of_co2_enrichment_on_soil_carbon_and_nitrogen_pools_and_mineralization_rates_over_ten_years_in_a_seasonally_dry_grazed_pasture_soil_biology_and_biochemistry_58_265û274",NA,"@ross_et_al_2013"
"new_zealand_face_c","agb","allard_et_al_2005","allard_v_newton_pcd_lieffering_m_soussana_jf_carran_ra_matthew_c_2005_increased_quantity_and_quality_of_coarse_soil_organic_matter_fraction_at_elevated_co2_in_a_grazed_grassland_are_a_consequence_of_enhanced_root_growth_rate_and_turnover_plant_and_soil_276_49û60",NA,"@allard_et_al_2005"
"new_zealand_face_c","agb","deng_et_al_2016","deng_q_cheng_x_bowatte_s_newton_pcd_zhang_q_2016_rhizospheric_carbon-nitrogen_interactions_in_a_mixed-species_pasture_after_13_years_of_elevated_co2_agriculture_ecosystems_and_environment_235_134û141",NA,"@deng_et_al_2016"
"new_zealand_face_c","agb","li_et_al_2014","li_fy_newton_pcd_lieffering_m_2014_testing_simulations_of_intra-_and_inter-annual_variation_in_the_plant_production_response_to_elevated_co_2_against_measurements_from_an_11-year_face_experiment_on_grazed_pasture_global_change_biology_20_228û239",NA,"@li_et_al_2014"
"new_zealand_face_c","agb","allard_et_al_2003","allard_v_newton_pcd_lieffering_m_clark_h_matthew_c_soussana_j-f_gray_ys_2003_nitrogen_cycling_in_grazed_pastures_at_elevated_co2:_n_returns_by_ruminants_global_change_biology_9_1731û1742",NA,"@allard_et_al_2003"
"new_zealand_face_c","agb","newton_et_al_2010","newton_p_c_d_et_al_the_rate_of_progression_and_stability_of_progressive_nitrogen_limitation_at_elevated_atmospheric_co2_in_a_grazed_grassland_over_11áyears_of_free_air_co2_enrichment_plant_soil_336_433-441_2010",NA,"@newton_et_al_2010"
"new_zealand_face_c","vcmax","von_caemmerer_et_al_2001","von_caemmerer_s_ghannoum_o_conroy_j_clark_h_newton_p_2001_photosynthetic_responses_of_temperate_species_to_free_air_co2_enrichment_face_in_a_grazed_new_zealand_pasture_australian_journal_of_plant_physiology_28_439û450",NA,"@von_caemmerer_et_al_2001"
"new_zealand_face_c","vcmax","guo_et_al_2006","guo_j_trotter_cm_newton_pcd_2006_initial_observations_of_increased_requirements_for_light-energy_dissipation_in_ryegrass_lolium_perenne_when_source_/_sink_ratios_become_high_at_a_naturally_grazed_free_air_co2_enrichment_face_site_functional_plant_biology_33_1045û1053",NA,"@guo_et_al_2006"
"ornerp_acer_pooled_c","agb","norby_et_al_2000","norby_r_j_lang_t_m_hartz-rubin_j_s_o'neill_e_g_2000_nitrogen_resorption_in_senescing_tree_leaves_in_a_warmer_co2-enriched_atmosephere_plant_and_soil_224_15-29",NA,"@norby_et_al_2000"
"ornerp_acer_pooled_c","bgb","wan_et_al_2004","wan_et_al_2004_co2_enrichment_and_warming_of_the_atmosphere_enhance_both_productivity_and_mortality_of_maple_tree_fine_roots_new_phytologist_162_437-446",NA,"@wan_et_al_2004"
"ornerp_grassland_c","agb","kardol_et_al_2010","kardol_p_campany_c_e_souza_l_norby_r_j_weltzin_j_f_classen_a_t_2010_climate_change_effects_on_plant_biomass_alter_dominance_patterns_and_community_evenness_in_an_experimental_old-field_ecosystem_global_change_biology_16_2676-2687",NA,"@kardol_et_al_2010"
"ornerp_grassland_c","agb","wan_et_al_2007","wan_et_al_2007_responses_of_soil_respiration_to_elevated_co2_air_warming_and_changing_soil_water_availability_in_a_model_old-field_grassland_global_change_biology_13_2411-2424",NA,"@wan_et_al_2007"
"ornerp_liriodendron_c","bgb","norby_et_al_1992","norby_et_al_1992_productivity_and_compensatory_responses_of_yellow-poplar_trees_in_elevated_co2_nature_357_322-324",NA,"@norby_et_al_1992"
"ornerp_populus_c","bgb","zak_et_al_2000","zak_d_r_pregitzer_k_s_curtis_p_s_vogel_c_s_holmes_w_e_and_lussenhop_j_2000_atmospheric_co2_soil?n_availability_and_allocation_of_biomass_and_nitrogen_by_populus_tremuloides_ecological_applications_101_34-46",NA,"@zak_et_al_2000"
"ornerp_quercus_c","bgb","norby_et_al_1995","norby_et_al_1995_belowground_responses_to_atmospheric_carbon_dioxide_in_forests_in_mcfee_ww_kelly_jm_carbon_forms_and_functions_in_forest_soils_pages_397-418_soil_science_society_of_america_inc_madison_wisconsin",NA,"@norby_et_al_1995"
"ornl_face_liqui_c","anpp","norby_et_al_2002","norby_r_j_et_al_net_primary_productivity_of_a_co2-enriched_deciduous_forest_and_the_implications_for_carbon_storage_ecol_appl_12_1261-1266_2002",NA,"@norby_et_al_2002"
"ornl_face_liqui_c","root_production","iversen_et_al_2008","iversen_c_m_ledford_j_and_norby_r_j_co2_enrichment_increases_carbon_and_nitrogen_input_from_fine_roots_in_a_deciduous_forest_new_phytol_179_837-847_2008",NA,"@iversen_et_al_2008"
"ornl_face_liqui2_c","leaf_n_mass","iversen_and_norby_2008","iversen_c_m_and_norby_r_j_nitrogen_limitation_in_a_sweetgum_plantation:_implications_for_carbon_allocation_and_storage_can_j_for_res_38_1021-1032_2008",NA,"@iversen_and_norby_2008"
"ornl_face_liqui2_c","leaf_n_mass","johnson_et_al_2004","johnson_d_w_cheng_w_joslin_j_d_norby_r_j_edwards_n_t_and_todd_d_e_2004_effects_of_elevated_co_2_on_nutrient_cycling_in_a_sweetgum_plantationábiogeochemistryá693_379-403",NA,"@johnson_et_al_2004"
"ornl_face_liqui2_c","leaf_n_mass","norby_et_al_2006","norby_r_j_and_iversen_c_m_2006_nitrogen_uptake_distribution_turnover_and_efficiency_of_use_in_a_co2?enriched_sweetgum_forest_ecology_871_5-14",NA,"@norby_et_al_2006"
"ornl_face_liqui2_c","leaf_n_mass","norby_et_al_2010","norby_r_j_warren_j_m_iversen_c_m_medlyn_b_e_and_mcmurtrie_r_e_co?_enhancement_of_forest_productivity_constrained_by_limited_nitrogen_availability_proc_natl_acad_sci_usa_107_19368-19373_2010",NA,"@norby_et_al_2010"
"ornl_face_liqui2_c","leaf_n_mass","sanders_et_al_2004","sanders_n_j_belote_r_t_and_weltzin_j_f_2004_multitrophic_effects_of_elevated_atmospheric_co2_on_understory_plant_and_arthropod_communities_environmental_entomology_336_1609û1616_https://doiorg/101603/0046-225x-3361609",NA,"@sanders_et_al_2004"
"ornl_face_liqui2_c","leaf_n_mass","warren_et_al_2015","warren_j_m_jensen_a_m_medlyn_b_e_norby_r_j_and_tissue_d_t_2015_carbon_dioxide_stimulation_of_photosynthesis_in_liquidambar_styraciflua_is_not_sustained_during_a_12-year_field_experiment_aob_plants_7",NA,"@warren_et_al_2015"
"ornl_face_liqui2_c","leaf_n_mass","wicklein_et_al_2012","wicklein_h_f_ollinger_s_v_martin_m_e_hollinger_d_y_lepine_l_c_day_m_c__and_norby_r_j_2012_variation_in_foliar_nitrogen_and_albedo_in_response_to_nitrogen_fertilization_and_elevated_co_2áoecologiaá1694_915-925",NA,"@wicklein_et_al_2012"
"ornl_face_liqui2_c","agb","souza_et_al_2010","souza_l_belote_r_t_kardol_p_weltzin_j_f_and_norby_r_j_2010_co2_enrichment_accelerates_successional_development_of_an_understory_plant_communityájournal_of_plant_ecologyá31_33-39",NA,"@souza_et_al_2010"
"ornl_face_liqui2_c","agb","norby_et_al_2004","norby_r_j_ledford_j_reilly_c_d_miller_n_e_and_o'neill_e_g_fine-root_production_dominates_response_of_a_deciduous_forest_to_atmospheric_co2_enrichment_proc_natl_acad_sci_usa_101_9689-9693_2004",NA,"@norby_et_al_2004"
"ornl_face_liqui2_c","asat","gunderson_et_al_2002","gunderson_c_a_sholtis_j_d_wullschleger_s_d_tissue_d_t_hanson_p_j_and_norby_r_j_2002_environmental_and_stomatal_control_of_photosynthetic_enhancement_in_the_canopy_of_a_sweetgum_liquidambar_styraciflua_l_plantation_during_3_years_of_co2_enrichment_plant_cell_and_environment_253_379-393",NA,"@gunderson_et_al_2002"
"ornl_face_liqui2_c","asat","sholtis_et_al_2004","sholtis_j_d_gunderson_c_a_norby_r_j_and_tissue_d_t_2004_persistent_stimulation_of_photosynthesis_by_elevated_co2_in_a_sweetgum_liquidambar_styraciflua_forest_standánew_phytologistá1622_343-354",NA,"@sholtis_et_al_2004"
"ornl_face_liqui2_c","anpp","norby_et_al_2001","norby_r_j_todd_d_e_fults_j_and_johnson_d_w_2001_allometric_determination_of_tree_growth_in_a_co2?enriched_sweetgum_standánew_phytologistá1502_477-487",NA,"@norby_et_al_2001"
"ornl_face_liqui2_c","anpp","belote_et_al_2003","belote_r_t_weltzin_j_f_and_norby_r_j_2004_response_of_an_understory_plant_community_to_elevated_[co2]_depends_on_differential_responses_of_dominant_invasive_species_and_is_mediated_by_soil_water_availability_new_phytologist_1613_827-835",NA,"@belote_et_al_2003"
"ornl_face_liqui2_c","lai","norby_et_al_2003","norby_r_j_sholtis_j_d_gunderson_c_a_and_jawdy_s_s_2003_leaf_dynamics_of_a_deciduous_forest_canopy:_no_response_to_elevated_co_2áoecologiaá1364_574-584",NA,"@norby_et_al_2003"
"ornl_face_liqui2_c","lai","warren_et_al_2011","warren_j_m_norby_r_j_and_wullschleger_s_d_2011_elevated_co2_enhances_leaf_senescence_during_extreme_drought_in_a_temperate_forestátree_physiologyá312_117-130",NA,"@warren_et_al_2011"
"phace_c","agb","blumenthal_et_al_2016","blumenthal_dm_kray_ja_ortmans_w_ziska_lh_and_pendall_e_2016_cheatgrass_is_favored_by_warming_but_not_co2_enrichment_in_a_semi-arid_grassland_global_change_biology_22_3026-3038",NA,"@blumenthal_et_al_2016"
"phace_c","agb","morgan_et_al_2011","morgan_j_a_lecain_d_r_pendall_e_blumenthal_d_m_kimball_b_a_carrillo_y_williams_d_g_heisler-white_j_2011_c4_grasses_prosper_as_carbon_dioxide_eliminates_desiccation_in_warmed_semi-arid_grassland_nature_476_202-u101",NA,"@morgan_et_al_2011"
"phace_c","agb","mueller_et_al_2016","mueller_k_e_blumenthal_d_m_pendall_e_carrillo_y_dijkstra_f_a_williams_d_g_à_morgan_j_a_2016_impacts_of_warming_and_elevated_co2_on_a_semi-arid_grassland_are_non-additive_shift_with_precipitation_and_reverse_over_time_ecology_letters_198_956û966_https://doiorg/101111/ele12634",NA,"@mueller_et_al_2016"
"phace_c","bgb","dijkstra_et_al_2010","dijkstra_et_al_2010_contrasting_effects_of_elevated_co2_and_warming_on_nitrogen_cycling_in_a_semiarid_grassland_new_phytologist_187_426-437",NA,"@dijkstra_et_al_2010"
"phace_c","bgb","mueller_et_al_2018","mueller_ke_lecain_dr_mccormack_ml_pendall_e_carlson_m_and_blumenthal_dm_2018_root_responses_to_elevated_co2_warming_and_irrigation_in_a_semi-arid_grassland:_integrating_biomass_length_and_life_span_in_a_5-year_field_experiment_journal_of_ecology_106_2176-2189",NA,"@mueller_et_al_2018"
"phace_c","bgb","carrillo_et_al_2014","carrillo_y_et_al_disentangling_root_responses_to_climate_change_in_a_semiarid_grassland_oecologia_175_699-711_2014",NA,"@carrillo_et_al_2014"
"phace_c","gpp","pendall_et_al_2013","pendall_e_et_al_warming_reduces_carbon_losses_from_grassland_exposed_to_elevated_atmospheric_carbon_dioxide_plos_one_8_e71921_doi:101371/journalpone0071921_2013",NA,"@pendall_et_al_2013"
"phace_c","leaf_n_mass","unpublished","dijkstra_et_al_2010_contrasting_effects_of_elevated_co2_and_warming_on_nitrogen_cycling_in_a_semiarid_grassland_new_phytologist_187_426-437",NA,"@unpublished"
"riceface_japan_ko_2010_3558_13960_c","lai","hayashi_et_al_2011","hayashi_et_al_2014_free-air_co2_enrichment_face_net_nitrogen_fixation
experiment_at_a_paddy_soil_surface_under_submerged
conditions_nutr_cycl_agroecosyst_2014_98:57û69",NA,"@hayashi_et_al_2011"
"riceface_nianyufarm_2002_c","leaf_n_mass","yang_et_al_2006a","yang_l_et_al_seasonal_changes_in_the_effects_of_free-air_co2_enrichment_face_on_dry_matter_production_and_distribution_of_rice_oryza_sativa_l_field_crops_research_98_2006_12û19_2006",NA,"@yang_et_al_2006a"
"riceface_nianyufarm_2002_c","agb","xu_et_al_2004","xu_z_et_al_effects_of_elevated_co2_and_n_fertilization_on_ch4_emissions_from_paddy_rice_fields_global_biogeochemical_cycles_vol_18_2004",NA,"@xu_et_al_2004"
"riceface_nianyufarm_2014_c","anpp","cai_et_al_2016","cai_c_et_al_responses_of_wheat_and_rice_to_factorial_combinations_of_ambient_and_elevated_co2_and_temperature_in_face_experiments_global_change_biology_2016_22_856û874_doi:_101111/gcb13065",NA,"@cai_et_al_2016"
"riceface_shizukuishi_a_1998_c","leaf_n_area","kim_et_al_2003","kim_et_al_2003_seasonal_changes_in_the_effects_of_elevated_co2_on_rice_at_three_levels_of_nitrogen_supply:_a_free_air_co2_enrichment_face_experiment_global_change_biology_2003_9_826-837",NA,"@kim_et_al_2003"
"riceface_shizukuishi_a_1998_c","leaf_n_area","seneweera_et_al_2002","bannayan_et_al_2005_modeling_the_interactive_effects_of_atmospheric_co2_and
n_on_rice_growth_and_yield_field_crops_research_93_2005_237û251",NA,"@seneweera_et_al_2002"
"riceface_shizukuishi_a_1998_c","leaf_n_area","fumoto_et_al_2013","fumoto_et_al_2013_application_of_a_process-based_biogeochemistry_model_dndc-rice_on_a_rice_field_under_free-air_co2_enrichment_face_in?journal_of_agricultural_meteorology_693:173-190_À_january_2013",NA,"@fumoto_et_al_2013"
"riceface_shizukuishi_a_1998_c","agb","sasaki_et_al_2007","sasaki_et_al_2007_effect_of_free-air_co2_enrichment_on_the_storage_of_carbohydrate_fixed
at_different_stages_in_rice_oryza_sativa_l_field_crops_research_100_2007_24û31",NA,"@sasaki_et_al_2007"
"riceface_shizukuishi_a_1998_c","agb","bannayan_et_al_2005","bannayan_et_al_2005_modeling_the_interactive_effects_of_atmospheric_co2_and
n_on_rice_growth_and_yield_field_crops_research_93_2005_237û251",NA,"@bannayan_et_al_2005"
"riceface_shizukuishi_a_1998_c","agb","bannayan_et_al_2007","bannayan_et_al_2005_modeling_the_interactive_effects_of_atmospheric_co2_and
n_on_rice_growth_and_yield_field_crops_research_93_2005_237û251",NA,"@bannayan_et_al_2007"
"riceface_shizukuishi_a_2007_c","agb","tokida_et_al_2010","tokida_et_al_2010_effects_of_free-air_co2_enrichment_face_and_soil_warming_on
ch4_emission_from_a_rice_paddy_field:_impact_assessment_and
stoichiometric_evaluation_biogeosciences_7_2639û2653_2010",NA,"@tokida_et_al_2010"
"riceface_shizukuishi_a_2008_c","agb","tokida_et_al_2011","tokida_et_al_2011_methane_and_soil_co2_production_from_current-season
photosynthates_in_a_rice_paddy_exposed_to_elevated_co2
concentration_and_soil_temperature_global_change_biology_2011_17_3327û3337",NA,"@tokida_et_al_2011"
"riceface_zhongcun_hybrid_2005_c","agb","yang_et_al_2009b","yang_l_et_al_impact_of_elevated_co2_concentration_on_inter-subspecific_hybrid_rice_cultivar_liangyoupeijiu_under_fully_open-air_field_conditions_field_crops_res_2009",NA,"@yang_et_al_2009b"
"riceface_zhongcun_rotation_2004_c","agb","xie_et_al_2012","influences_of_free-air_co2_enrichment_face_nitrogen_fertilizer_and_crop_residue_incorporation_on_ch4_emissions_from_irrigated_rice_fields_nutr_cycl_agroecosyst_2012_93:373û385_doi_101007/s10705-012-9523-z",NA,"@xie_et_al_2012"
"salmisuo_c","bgb","saarnio_et_al_2003","saarnio_s_jaervioe_s_saarinen_t_vasander_h_and_silvola_j_minor_changes_in_vegetation_and_carbon_gas_balance_in_a_boreal_mire_under_a_raised_co2_or_nh4no3_supply_ecosystems_6_46-60_2003",NA,"@saarnio_et_al_2003"
"sca_c","agb","schaeppi_and_koerner_1996","schappi_b_koerner_c_1996_growth_responses_of_an_alpine_grassland_to_elevated_co2_oecologia_105_43-52",NA,"@schaeppi_and_koerner_1996"
"sca_c","agb","arnone_iii_1999","arnone_iii_j_a_symbiotic_n2áfixation_in_a_high_alpine_grassland:_effects_of_four_growing_seasons_of_elevated_co2_funct_ecolá13_383-387_1999",NA,"@arnone_iii_1999"
"scbg_c","agb","liu_et_al_2010","liu_j_x_zhou_g_y_zhang_d_q_xu_z_h_duan_h_l_deng_q_and_zhao_l_2010_carbon_dynamics_in_subtropical_forest_soil:_effects_of_atmospheric_carbon_dioxide_enrichment_and_nitrogen_additionájournal_of_soils_and_sedimentsá104_730-738",NA,"@liu_et_al_2010"
"scbg_c","agb","deng_et_al_2010","deng_q_zhou_g_liu_j_liu_s_duan_h_zhang_d_2010_responses_of_soil_respiration_to_elevated_carbon_dioxide_and_nitrogen_additions_in_young_subtropical_forest_ecosystems_in_china_biogeosciences_7_315-328",NA,"@deng_et_al_2010"
"scbg_c","agb","chen_et_al_2012","chen_x_liu_j_deng_q_yan_j_and_zhang_d_2012_effects_of_elevated_co_2_and_nitrogen_addition_on_soil_organic_carbon_fractions_in_a_subtropical_forestáplant_and_soilá3571-2_25-34",NA,"@chen_et_al_2012"
"scbg_c","agb","liu_et_al_2010b","chen_x_liu_j_deng_q_yan_j_and_zhang_d_2012_effects_of_elevated_co_2_and_nitrogen_addition_on_soil_organic_carbon_fractions_in_a_subtropical_forestáplant_and_soilá3571-2_25-34",NA,"@liu_et_al_2010b"
"soyfaced_maiz_c","bgb","ruiz-vera_et_al_2015","ruiz-vera_u_m_siebers_m_h_drag_d_w_ort_d_r_and_bernacchi_c_j_2015_canopy_warming_caused_photosynthetic_acclimation_and_reduced_seed_yield_in_maize_grown_at_ambient_and_elevated_[co2]_global_change_biology_2111_4237û4249_https://doiorg/101111/gcb13013",NA,"@ruiz-vera_et_al_2015"
"soyfacemaiz4_c","vcmax","leakey_et_al_2006","andrew_db_leakey_martin_uribelarrea_elizabeth_a_ainsworth_shawna_l_naidu_alistair_rogers_donald_r_ort_and_stephen_p_long_",NA,"@leakey_et_al_2006"
"soyfacesoy1_c","agb","morgan_et_al_2005","patrick_b_morgan_german_a_bollero_randall_l_nelson_frank_g_dohleman_and_stephen_p_long",NA,"@morgan_et_al_2005"
"soyfacesoy1_c","vcmax","bernacchi_et_al_2005","carl_j_bernacchi_patrick_b_morgan_donald_r_ort_stephen_p_long_",NA,"@bernacchi_et_al_2005"
"soyfacesoy1_c","asat","dermody_et_al_2006","orla_dermody_stephen_p_long_and_evan_h_delucia",NA,"@dermody_et_al_2006"
"soyfacesoy2_c","vcmax","ainsworth_et_al_2004","elizabeth_a_ainsworth_alistair_rogersa_randall_nelsona_stephen_p_long",NA,"@ainsworth_et_al_2004"
"soyfacesoy2_c","leaf_n_mass","rogers_et_al_2006","alistair_rogers_yves_gibon_mark_stitt_patrick_b_morgan_carl_j_bernacchi_donald_r_ort_and_stephen_p_long",NA,"@rogers_et_al_2006"
"soyfacetobacco9_c","vcmax","rosenthal_et_al_2011","david_m_rosenthal_anna_m_locke_mahdi_khozaei_christine_a_raines_stephen_p_long_and_donald_r_ort",NA,"@rosenthal_et_al_2011"
"st_face_ld_c","bgb","dawes_et_al_2013","dawes_ma_hagedorn_f_handa_it_et_al_2013_an_alpine_treeline_in_a_carbon_dioxide-rich_world:_synthesis_of_a_nine-year_free-air_carbon_dioxide_enrichment_study_oecologia_171_623û637",NA,"@dawes_et_al_2013"
"st_face_ld_c","agb","dawes_et_al_2015","dawes_ma_philipson_cd_fonti_p_bebi_p_haettenschwiler_s_hagedorn_f_rixen_c_2015_soil_warming_and_co2_enrichment_induce_biomass_shifts_in_alpine_tree_line_vegetation_global_change_biology_21_2005û2021",NA,"@dawes_et_al_2015"
"st_face_ld_c","asat","handa_et_al_2005","handa_it_koerner_c_haettenschwiler_s_2005_a_test_of_the_treeline_carbon_limitation_hypothesis_by_in_situ_co2_enrichment_and_defoliation_ecology_86_1288û1300",NA,"@handa_et_al_2005"
"st_face_ld_c","asat","haettenschwiler_et_al_2002","haettenschwiler_s_handa_it_egli_l_asshoff_r_ammann_w_koerner_c_2002_atmospheric_co2_enrichment_of_alpine_treeline_conifers_new_phytologist_156_363û375",NA,"@haettenschwiler_et_al_2002"
"st_face_ld_c","leaf_cn","asshoff_and_haettenschwiler_2006","asshoff_r_haettenschwiler_s_2006_changes_in_needle_quality_and_larch_bud_moth_performance_in_response_to_co2_enrichment_and_defoliation_of_treeline_larches_ecological_entomology_31_84û90",NA,"@asshoff_and_haettenschwiler_2006"
"st_face_ld_c","leaf_cn","hagedorn_and_machwitz_2006","hagedorn_f_machwitz_m_2007_controls_on_dissolved_organic_matter_leaching_from_forest_litter_grown_under_elevated_atmospheric_soil_biology_and_biochemistry_39_1759û1769",NA,"@hagedorn_and_machwitz_2006"
"st_face_ld_c","root_production","handa_et_al_2008","handa_it_hagedorn_f_hattenschwiler_s_2008_no_stimulation_in_root_production_in_response_to_4_years_of_in_situ_co2_enrichment_at_the_swiss_treeline_functional_ecology_22_348-358",NA,"@handa_et_al_2008"
"suonenjoki2_bp4_c","bgb","riikonen_et_al_2004","riikonen_j_lindsberg_mm_holopainen_t_oksanen_e_lappi_j_peltonen_p_vapaavuori_e_2004_silver_birch_and_climate_change:_variable_growth_and_carbon_allocation_responses_to_elevated_concentrations_of_carbon_dioxide_and_ozone_tree_physiology_24_1227-",NA,"@riikonen_et_al_2004"
"swissface_bromuscarex_c","agb","van_kleunen_et_al_2006","van_kleunen_et_al_2006_[co2]-_and_denstity-dependant_competition_between_grassland_species_global_change_biology_12_2175-2186",NA,"@van_kleunen_et_al_2006"
"swissface_forest_c","root_shoot_ratio","bucher_et_al_1998","bucher_j_b_et_al_growth_of_a_deciduous_tree_seedling_community_in_response_to_elevated_co2_and_nutrient_supply_chemosphere_36_777-782_1998",NA,"@bucher_et_al_1998"
"swissface_lolium2_c","agb","schneider_et_al_2004","schneider_m_k_luscher_a_richter_m_aeschlimann_u_hartwig_u_a_blum_h_frossard_e_and_noesberger_j_2004_ten_years_of_free?air_co2_enrichment_altered_the_mobilization_of_n_from_soil_in_lolium_perenne_l_swardságlobal_change_biologyá10:1377-1388",NA,"@schneider_et_al_2004"
"swissface_lolium2_c","agb","bazot_et_al_2006","bazot_et_al_2006_effects_of_elevated_co2_concentration_on_rhizodeposition_from_lolium_perenne_grown_on_soil_exposed_to_9_years_of_co2_enrichment_soil_biology_and_biochemistry_38_729-736",NA,"@bazot_et_al_2006"
"swissface_lolium2_c","agb","hartwig_et_al_2002","hartwig_ua_luscher_a_noesberger_j_kessel_cv_2002_nitrogen-15_budget_in_model_ecosystems_of_white_clover_and_perennial_ryegrass_exposed_for_four_years_at_elevated_atmospheric_pco2_global_change_biology_8:194û202",NA,"@hartwig_et_al_2002"
"swissface_lolium2_c","agb","gloser_et_al_2000","gloser_v_luscher_a_frehner_m_blum_h_noesberger_j_and_hartwig_u_a_2000_soil_mineral_nitrogen_availability_was_unaffected_by_elevated_atmospheric_pco2_in_a_four_year_old_field_experiment_swiss_face_plant_and_soilá227:291-299",NA,"@gloser_et_al_2000"
"swissface_lolium2_c","anpp","hebeisen_et_al_1997","hebeisen_t_luscher_a_zanetti_s_fischer_b_hartwig_u_frehner_m_hendrey_g_blum_h_and_noesberger_j_1997_growth_response_of_trifolium_repens_l_and_lolium_perenne_l_as_monocultures_and_bi?species_mixture_to_free_air_co2_enrichment_and_management_global_change_biologyá3:149-160",NA,"@hebeisen_et_al_1997"
"swissface_lolium2_c","bgb","van_groenigen_et_al_2005","van_groenigen_kj_gorissen_a_six_j_harris_d_kuikman_pj_van_groenigen_jw_van_kessel_c_2005_decomposition_of_c-14-labeled_roots_in_a_pasture_soil_exposed_to_10_years_of_elevated_co2_soil_biology_and_biochemistry_37_497-506",NA,"@van_groenigen_et_al_2005"
"swissface_medicago_c","agb","luscher_et_al_2000","luscher_a_hartwig_u_a_suter_d_and_noesberger_j_2000_direct_evidence_that_symbiotic_n2_fixation_in_fertile_grassland_is_an_important_trait_for_a_strong_response_of_plants_to_elevated_atmospheric_co2áglobal_change_biologyá6:655-662",NA,"@luscher_et_al_2000"
"swissface_trifolium2_c","vcmax","ainsworth_et_al_2003","ainsworth_e_a_rogers_a_blum_h_noÞsberger_j_and_long_s_p_2003_variation_in_acclimation_of_photosynthesis_in_trifolium_repens_after_eight_years_of_exposure_to_free_air_co2_enrichment_faceájournal_of_experimental_botany_54:2769-2774",NA,"@ainsworth_et_al_2003"
"tasface_c","agb","pendall_et_al_2011","pendall_et_al_2011_soil_carbon_storage_under_simulated_climate_change_is_mediated_by_plant_functional_type_global_change_biology_17_505-514",NA,"@pendall_et_al_2011"
"ua_otc_c","agb","jach_et_al_2000","jach_me_laureysens_i_ceulemans_r_2000_above-_and_below-ground_production_of_young_scots_pine_pinus_sylvestris_l_trees_after_three_years_of_growth_in_the_field_under_elevated_co2_annals_of_botany_85_789-798",NA,"@jach_et_al_2000"
"ua_otc_c","agb","janssens_et_al_2005","janssens_et_al_2005_carbon_budget_of_pinus_sylvestris_saplings_after_four_years_of_exposure_to_elevated_atmospheric_carbon_dioxide_concentration_tree_physiology_25_325-337",NA,"@janssens_et_al_2005"
"ua_otc_c","bgb","janssens_et_al_1998","janssens_et_al_1998_elevated_atmospheric_co2_increases_fine_root_production_respiration_rhizosphere_respiration_and_soil_co2_efflux_in_scots_pine_seedlings_global_change_biology_4_871-878",NA,"@janssens_et_al_1998"
"usda_central_plains_c","bgb","pendall_et_al_2004","pendall_e_mosier_a_r_and_morgan_j_a_rhizodeposition_stimulated_by_elevated_co2_in_a_semiarid_grassland_new_phytol_162_447-458_2004",NA,"@pendall_et_al_2004"
"usda_central_plains_c","agb","morgan_et_al_2001","morgan_j_a_lecain_d_r_mosier_a_r_and_milchunas_d_g_2001_elevated_co2_enhances_water_relations_and_productivity_and_effects_gas_exchange_in_c3_and_c4_grasses_of_the_colorado_shortgrass_steppe_global_change_biology_74_451û466_https://doiorg/101046/j1365-2486200100415x",NA,"@morgan_et_al_2001"
"usda_citrus_c","bgb","kimball_et_al_2007","kimball_et_al_2007_seventeen_years_of_carbon_dioxide_enrichment_of_sour_orange_trees:_final_results_global_change_biology_13_2171-2183",NA,"@kimball_et_al_2007"
"webface_c","bgb","hagedorn_et_al_2013","hagedorn_f_et_al_nine_years_of_co2_enrichment_at_the_alpine_treeline_stimulates_soil_respiration_but_does_not_alter_soil_microbial_communities_soil_biol_biochem_57_390-400_2013",NA,"@hagedorn_et_al_2013"
"webface_c","bgb","bader_et_al_2009","bader_et_al_2009_fine_root_responses_of_mature_deciduous_forest_trees_to_free_air_carbon_dioxide_enrichment_face_functional_ecology_23_913-921",NA,"@bader_et_al_2009"
